-- MySQL dump 10.13  Distrib 5.7.23, for Win64 (x86_64)
--
-- Host: 127.0.0.1    Database: crcdata
-- ------------------------------------------------------
-- Server version	5.7.23-log

/*!40101 SET @OLD_CHARACTER_SET_CLIENT=@@CHARACTER_SET_CLIENT */;
/*!40101 SET @OLD_CHARACTER_SET_RESULTS=@@CHARACTER_SET_RESULTS */;
/*!40101 SET @OLD_COLLATION_CONNECTION=@@COLLATION_CONNECTION */;
/*!40101 SET NAMES utf8 */;
/*!40103 SET @OLD_TIME_ZONE=@@TIME_ZONE */;
/*!40103 SET TIME_ZONE='+00:00' */;
/*!40014 SET @OLD_UNIQUE_CHECKS=@@UNIQUE_CHECKS, UNIQUE_CHECKS=0 */;
/*!40014 SET @OLD_FOREIGN_KEY_CHECKS=@@FOREIGN_KEY_CHECKS, FOREIGN_KEY_CHECKS=0 */;
/*!40101 SET @OLD_SQL_MODE=@@SQL_MODE, SQL_MODE='NO_AUTO_VALUE_ON_ZERO' */;
/*!40111 SET @OLD_SQL_NOTES=@@SQL_NOTES, SQL_NOTES=0 */;

--
-- Table structure for table `carcurrentlocation`
--

DROP TABLE IF EXISTS `carcurrentlocation`;
/*!40101 SET @saved_cs_client     = @@character_set_client */;
/*!40101 SET character_set_client = utf8 */;
CREATE TABLE `carcurrentlocation` (
  `Order_ReturnDate` date DEFAULT NULL,
  `Order_ReturnStore` int(11) DEFAULT NULL,
  `Return_Store_City` varchar(255) DEFAULT NULL,
  `Car_ID` int(11) DEFAULT NULL,
  KEY `Car_ID` (`Car_ID`),
  CONSTRAINT `carcurrentlocation_ibfk_1` FOREIGN KEY (`Car_ID`) REFERENCES `cars` (`Car_ID`)
) ENGINE=InnoDB DEFAULT CHARSET=latin1;
/*!40101 SET character_set_client = @saved_cs_client */;

--
-- Dumping data for table `carcurrentlocation`
--

LOCK TABLES `carcurrentlocation` WRITE;
/*!40000 ALTER TABLE `carcurrentlocation` DISABLE KEYS */;
INSERT INTO `carcurrentlocation` VALUES ('2005-07-11',16,'Springwood                    ',14806),('2005-07-10',5,'Lane Cove                     ',14810),('2005-07-16',13,'Port Macquarie                ',14811),('2005-08-13',25,'Hervey Bay                    ',14812),('2005-07-21',13,'Port Macquarie                ',14813),('2005-07-19',14,'Rhodes                        ',14814),('2005-07-24',15,'Silverwater                   ',14815),('2005-08-17',29,'Findon                        ',14816),('2005-07-22',50,'NULL',14817),('2005-07-23',18,'Sydney                        ',14818),('2005-08-10',14,'Rhodes                        ',14819),('2005-09-15',24,'Hawthorne                     ',14831),('2005-08-06',21,'Caloundra                     ',14832),('2005-08-07',15,'Silverwater                   ',14833),('2005-08-24',21,'Caloundra                     ',14834),('2005-08-13',35,'Melbourne                     ',14835),('2005-08-26',23,'Gold Coast                    ',14836),('2005-08-15',37,'Seaford                       ',14837),('2005-08-28',25,'Hervey Bay                    ',14838),('2005-08-16',9,'Milsons Point                 ',14839),('2005-08-19',1,'Alexandria                    ',14842),('2005-08-12',19,'Wollongong                    ',14843),('2005-08-17',10,'Newcastle                     ',14846),('2005-08-14',21,'Caloundra                     ',14847),('2005-08-23',5,'Lane Cove                     ',14850),('2005-08-25',22,'East Brisbane                 ',14851),('2005-09-28',17,'St. Leonards                  ',14852),('2005-09-10',9,'Milsons Point                 ',14853),('2005-09-12',14,'Rhodes                        ',14854),('2005-08-16',13,'Port Macquarie                ',14855),('2005-09-10',14,'Rhodes                        ',14856),('2005-09-14',13,'Port Macquarie                ',14857),('2005-09-12',18,'Sydney                        ',14858),('2005-09-13',9,'Milsons Point                 ',14859),('2005-09-10',11,'North Ryde                    ',14860),('2005-09-18',21,'Caloundra                     ',14861),('2005-09-16',22,'East Brisbane                 ',14862),('2005-09-10',23,'Gold Coast                    ',14863),('2005-09-23',17,'St. Leonards                  ',14864),('2005-09-11',25,'Hervey Bay                    ',14865),('2005-09-13',26,'Rockhampton                   ',14866),('2005-09-10',27,'Townsville                    ',14867),('2005-09-13',30,'Perth                         ',14870),('2005-09-14',31,'Hobart                        ',14871),('2005-10-27',26,'Rockhampton                   ',14872),('2005-09-16',23,'Gold Coast                    ',14873),('2005-09-17',24,'Hawthorne                     ',14874),('2005-10-14',28,'Cloverdale                    ',14875),('2005-09-19',26,'Rockhampton                   ',14876),('2005-09-24',37,'Seaford                       ',14877),('2005-09-24',13,'Port Macquarie                ',14878),('2005-09-25',14,'Rhodes                        ',14879),('2005-10-19',15,'Silverwater                   ',14880),('2005-09-24',13,'Port Macquarie                ',14881),('2005-10-11',12,'North Sydney                  ',14882),('2005-09-26',3,'Darlinghurst                  ',14883),('2005-10-10',4,'Goulburn                      ',14884),('2005-10-14',20,'Brisbane                      ',14885),('2005-10-12',6,'Lavender Bay                  ',14886),('2005-10-13',7,'Malabar                       ',14887),('2005-10-17',23,'Gold Coast                    ',14888),('2005-10-12',21,'Caloundra                     ',14889),('2005-10-19',20,'Brisbane                      ',14890),('2005-10-17',10,'Newcastle                     ',14891),('2005-10-15',24,'Hawthorne                     ',14892),('2005-10-07',24,'Hawthorne                     ',14894),('2005-10-08',25,'Hervey Bay                    ',14895),('2005-10-09',26,'Rockhampton                   ',14896),('2005-10-13',14,'Rhodes                        ',14897),('2005-10-28',14,'Rhodes                        ',14899),('2005-10-17',20,'Brisbane                      ',14900),('2005-10-18',21,'Caloundra                     ',14901),('2005-10-18',22,'East Brisbane                 ',14902),('2005-11-15',39,'Sunbury                       ',14903),('2005-10-21',24,'Hawthorne                     ',14904),('2005-10-18',25,'Hervey Bay                    ',14905),('2005-12-15',31,'Hobart                        ',14906),('2005-10-24',27,'Townsville                    ',14907),('2005-10-21',20,'Brisbane                      ',14908),('2005-10-22',15,'Silverwater                   ',14909),('2005-11-19',25,'Hervey Bay                    ',14910),('2005-11-10',21,'Caloundra                     ',14911),('2005-10-25',10,'Newcastle                     ',14912),('2005-10-27',26,'Rockhampton                   ',14914),('2005-10-28',35,'Melbourne                     ',14915),('2005-12-08',36,'Melton                        ',14920),('2005-11-17',1,'Alexandria                    ',14921),('2005-11-18',2,'Coffs Harbour                 ',14922),('2005-11-24',15,'Silverwater                   ',14923),('2005-12-10',28,'Cloverdale                    ',14924),('2005-11-11',5,'Lane Cove                     ',14925),('2005-11-24',20,'Brisbane                      ',14926),('2005-12-13',24,'Hawthorne                     ',14927),('2005-11-13',8,'Matraville                    ',14928),('2005-12-06',25,'Hervey Bay                    ',14929),('2005-11-15',10,'Newcastle                     ',14930),('2005-11-22',20,'Brisbane                      ',14940),('2005-12-19',12,'North Sydney                  ',14941),('2005-12-10',18,'Sydney                        ',14942),('2005-12-24',25,'Hervey Bay                    ',14943),('2006-01-11',29,'Findon                        ',14944),('2005-12-11',25,'Hervey Bay                    ',14945),('2005-11-28',26,'Rockhampton                   ',14946),('2005-12-09',12,'North Sydney                  ',14947),('2005-12-10',11,'North Ryde                    ',14948),('2005-12-15',26,'Rockhampton                   ',14949),('2005-12-15',30,'Perth                         ',14950),('2006-01-10',15,'Silverwater                   ',14960),('2006-01-11',22,'East Brisbane                 ',14961),('2006-01-22',38,'South Melbourne               ',14962),('2006-01-13',32,'Bendigo                       ',14963),('2005-12-24',9,'Milsons Point                 ',14964),('2006-01-16',15,'Silverwater                   ',14965),('2006-01-12',21,'Caloundra                     ',14966),('2006-02-12',28,'Cloverdale                    ',14967),('2006-01-09',28,'Cloverdale                    ',14969),('2006-01-24',15,'Silverwater                   ',14984),('2006-01-21',12,'North Sydney                  ',14985),('2006-02-25',31,'Hobart                        ',14988),('2006-02-10',17,'St. Leonards                  ',15000),('2006-02-21',31,'Hobart                        ',15001),('2006-01-23',11,'North Ryde                    ',15002),('2006-03-13',39,'Sunbury                       ',15003),('2006-02-14',14,'Rhodes                        ',15004),('2006-02-25',10,'Newcastle                     ',15005),('2006-03-13',31,'Hobart                        ',15006),('2006-02-12',7,'Malabar                       ',15007),('2006-02-28',38,'South Melbourne               ',15008),('2006-02-28',35,'Melbourne                     ',15009),('2006-02-11',10,'Newcastle                     ',15010),('2006-03-12',25,'Hervey Bay                    ',15011),('2006-02-10',20,'Brisbane                      ',15020),('2006-02-27',15,'Silverwater                   ',15021),('2006-02-12',22,'East Brisbane                 ',15022),('2006-02-17',23,'Gold Coast                    ',15023),('2006-04-11',29,'Findon                        ',15024),('2006-02-18',19,'Wollongong                    ',15025),('2006-03-12',15,'Silverwater                   ',15026),('2006-02-21',27,'Townsville                    ',15027),('2006-02-22',28,'Cloverdale                    ',15028),('2006-02-19',11,'North Ryde                    ',15029),('2006-03-16',19,'Wollongong                    ',15030),('2006-04-10',35,'Melbourne                     ',15040),('2006-04-11',26,'Rockhampton                   ',15041),('2006-04-11',31,'Hobart                        ',15042),('2006-03-23',17,'St. Leonards                  ',15043),('2006-04-14',39,'Sunbury                       ',15044),('2006-04-11',24,'Hawthorne                     ',15045),('2006-04-16',34,'Geelong                       ',15046),('2006-04-10',32,'Bendigo                       ',15047),('2006-04-08',8,'Matraville                    ',15048),('2006-03-29',27,'Townsville                    ',15049),('2006-03-12',11,'North Ryde                    ',15050),('2006-05-11',31,'Hobart                        ',15063),('2006-04-19',22,'East Brisbane                 ',15066),('2006-05-12',17,'St. Leonards                  ',15068),('2006-05-10',14,'Rhodes                        ',15080),('2006-05-15',17,'St. Leonards                  ',15081),('2006-05-22',37,'Seaford                       ',15082),('2006-05-23',39,'Sunbury                       ',15083),('2006-04-26',11,'North Ryde                    ',15084),('2006-05-15',12,'North Sydney                  ',15085),('2006-04-17',2,'Coffs Harbour                 ',15087),('2006-04-28',12,'North Sydney                  ',15088),('2006-05-19',35,'Melbourne                     ',15089),('2006-05-15',20,'Brisbane                      ',15100),('2006-05-17',33,'Cranbourne                    ',15101),('2006-05-13',10,'Newcastle                     ',15102),('2006-05-14',19,'Wollongong                    ',15103),('2006-05-17',12,'North Sydney                  ',15104),('2006-05-10',25,'Hervey Bay                    ',15105),('2006-06-19',26,'Rockhampton                   ',15106),('2006-05-08',27,'Townsville                    ',15107),('2006-05-25',25,'Hervey Bay                    ',15108),('2006-05-14',29,'Findon                        ',15109),('2006-05-11',24,'Hawthorne                     ',15110),('2006-06-12',16,'Springwood                    ',15119),('2006-05-25',1,'Alexandria                    ',15121),('2006-07-12',38,'South Melbourne               ',15122),('2006-07-13',10,'Newcastle                     ',15123),('2006-06-24',34,'Geelong                       ',15124),('2006-05-29',5,'Lane Cove                     ',15125),('2006-06-13',25,'Hervey Bay                    ',15126),('2006-06-27',11,'North Ryde                    ',15127),('2006-06-18',14,'Rhodes                        ',15128),('2006-06-29',14,'Rhodes                        ',15129),('2006-06-17',29,'Findon                        ',15130),('2006-07-15',19,'Wollongong                    ',15140),('2006-07-26',28,'Cloverdale                    ',15142),('2006-06-13',23,'Gold Coast                    ',15143),('2006-06-18',24,'Hawthorne                     ',15144),('2006-07-06',21,'Caloundra                     ',15145),('2006-06-16',26,'Rockhampton                   ',15146),('2006-07-13',20,'Brisbane                      ',15147),('2006-07-14',26,'Rockhampton                   ',15148),('2006-07-15',27,'Townsville                    ',15149),('2006-06-23',16,'Springwood                    ',15150),('2006-08-10',11,'North Ryde                    ',15160),('2006-07-21',9,'Milsons Point                 ',15161),('2006-07-12',8,'Matraville                    ',15162),('2006-08-13',29,'Findon                        ',15163),('2006-08-15',31,'Hobart                        ',15165),('2006-08-16',33,'Cranbourne                    ',15166),('2006-07-17',14,'Rhodes                        ',15167),('2006-08-18',35,'Melbourne                     ',15168),('2006-08-19',36,'Melton                        ',15169),('2006-09-17',31,'Hobart                        ',15181),('2006-08-08',15,'Silverwater                   ',15184),('2006-08-23',12,'North Sydney                  ',15186),('2006-09-10',18,'Sydney                        ',15199),('2006-09-20',38,'South Melbourne               ',15200),('2006-08-13',1,'Alexandria                    ',15201),('2006-08-25',14,'Rhodes                        ',15202),('2006-08-12',3,'Darlinghurst                  ',15203),('2006-09-14',33,'Cranbourne                    ',15204),('2006-09-15',37,'Seaford                       ',15205),('2006-08-26',13,'Port Macquarie                ',15206),('2006-09-17',36,'Melton                        ',15207),('2006-08-28',13,'Port Macquarie                ',15208),('2006-08-22',9,'Milsons Point                 ',15209),('2006-09-15',29,'Findon                        ',15210),('2006-09-20',39,'Sunbury                       ',15220),('2006-09-14',21,'Caloundra                     ',15221),('2006-09-11',20,'Brisbane                      ',15222),('2006-09-13',12,'North Sydney                  ',15223),('2006-10-16',14,'Rhodes                        ',15224),('2006-10-15',26,'Rockhampton                   ',15225),('2006-09-15',24,'Hawthorne                     ',15226),('2006-09-16',25,'Hervey Bay                    ',15227),('2006-09-10',28,'Cloverdale                    ',15228),('2006-09-07',24,'Hawthorne                     ',15229),('2006-09-12',30,'Perth                         ',15230),('2006-10-10',18,'Sydney                        ',15240),('2006-11-11',40,'Warrnambool                   ',15241),('2006-10-25',34,'Geelong                       ',15242),('2006-10-23',32,'Bendigo                       ',15243),('2006-10-14',26,'Rockhampton                   ',15244),('2006-10-25',37,'Seaford                       ',15245),('2006-09-28',6,'Lavender Bay                  ',15246),('2006-10-27',36,'Melton                        ',15247),('2006-10-19',28,'Cloverdale                    ',15248),('2006-10-19',31,'Hobart                        ',15249),('2006-10-11',10,'Newcastle                     ',15250),('2006-11-19',19,'Wollongong                    ',15259),('2006-11-18',18,'Sydney                        ',15260),('2006-11-25',31,'Hobart                        ',15261),('2006-11-28',16,'Springwood                    ',15263),('2006-11-06',25,'Hervey Bay                    ',15264),('2006-12-09',39,'Sunbury                       ',15280),('2006-11-11',18,'Sydney                        ',15282),('2006-12-10',13,'Port Macquarie                ',15284),('2006-12-15',18,'Sydney                        ',15297),('2006-12-15',18,'Sydney                        ',15300),('2006-11-18',14,'Rhodes                        ',15301),('2006-12-15',18,'Sydney                        ',15302),('2006-11-20',8,'Matraville                    ',15303),('2006-11-24',13,'Port Macquarie                ',15304),('2006-12-18',26,'Rockhampton                   ',15305),('2006-11-27',26,'Rockhampton                   ',15306),('2006-11-27',16,'Springwood                    ',15307),('2006-11-28',28,'Cloverdale                    ',15308),('2006-11-29',29,'Findon                        ',15309),('2006-12-10',11,'North Ryde                    ',15310),('2007-01-22',23,'Gold Coast                    ',15316),('2007-01-17',17,'St. Leonards                  ',15317),('2007-01-17',18,'Sydney                        ',15321),('2006-12-22',11,'North Ryde                    ',15322),('2007-01-13',34,'Geelong                       ',15323),('2007-01-14',38,'South Melbourne               ',15324),('2006-12-25',15,'Silverwater                   ',15325),('2007-01-16',40,'Warrnambool                   ',15326),('2007-01-07',31,'Hobart                        ',15327),('2007-01-18',39,'Sunbury                       ',15328),('2006-12-29',19,'Wollongong                    ',15329),('2006-12-21',10,'Newcastle                     ',15330),('2007-02-18',18,'Sydney                        ',15340),('2006-12-28',21,'Caloundra                     ',15341),('2007-01-13',26,'Rockhampton                   ',15342),('2007-01-20',11,'North Ryde                    ',15343),('2007-01-14',24,'Hawthorne                     ',15344),('2007-01-12',11,'North Ryde                    ',15345),('2007-01-28',11,'North Ryde                    ',15346),('2007-01-14',13,'Port Macquarie                ',15347),('2007-01-15',28,'Cloverdale                    ',15348),('2007-01-19',29,'Findon                        ',15349),('2007-01-09',30,'Perth                         ',15350),('2007-02-28',21,'Caloundra                     ',15357),('2007-02-20',35,'Melbourne                     ',15360),('2007-02-21',33,'Cranbourne                    ',15361),('2007-03-17',17,'St. Leonards                  ',15362),('2007-02-23',38,'South Melbourne               ',15363),('2007-02-14',25,'Hervey Bay                    ',15364),('2007-02-25',37,'Seaford                       ',15365),('2007-02-19',12,'North Sydney                  ',15366),('2007-02-07',22,'East Brisbane                 ',15367),('2007-02-17',10,'Newcastle                     ',15368),('2007-02-19',34,'Geelong                       ',15369),('2007-02-28',40,'Warrnambool                   ',15400);
/*!40000 ALTER TABLE `carcurrentlocation` ENABLE KEYS */;
UNLOCK TABLES;

--
-- Table structure for table `cars`
--

DROP TABLE IF EXISTS `cars`;
/*!40101 SET @saved_cs_client     = @@character_set_client */;
/*!40101 SET character_set_client = utf8 */;
CREATE TABLE `cars` (
  `Car_ID` int(11) NOT NULL,
  `Car_MakeName` varchar(255) DEFAULT NULL,
  `Car_Model` varchar(255) DEFAULT NULL,
  `Car_Series` varchar(255) DEFAULT NULL,
  `Car_SeriesYear` int(11) DEFAULT NULL,
  `Car_PriceNew` int(11) DEFAULT NULL,
  `Car_EngineSize` varchar(5) DEFAULT NULL,
  `Car_FuelSystem` varchar(255) DEFAULT NULL,
  `Car_TankCapacity` varchar(4) DEFAULT NULL,
  `Car_Power` varchar(6) DEFAULT NULL,
  `Car_SeatingCapacity` int(11) DEFAULT NULL,
  `Car_StandardTransmission` varchar(255) DEFAULT NULL,
  `Car_BodyType` varchar(255) DEFAULT NULL,
  `Car_Drive` varchar(255) DEFAULT NULL,
  `Car_Wheelbase` varchar(255) DEFAULT NULL,
  `Car_Type` char(15) DEFAULT NULL,
  PRIMARY KEY (`Car_ID`)
) ENGINE=InnoDB DEFAULT CHARSET=latin1;
/*!40101 SET character_set_client = @saved_cs_client */;

--
-- Dumping data for table `cars`
--

LOCK TABLES `cars` WRITE;
/*!40000 ALTER TABLE `cars` DISABLE KEYS */;
INSERT INTO `cars` VALUES (14806,'LAND ROVER','DISCOVERY 3','HSE',2006,83650,'2.7L','DIESEL TURBO F/INJ','82L','140Kw',7,'6A','4D WAGON','4WD','2885mm','Offroad'),(14810,'LAND ROVER','DISCOVERY','Tdi 4x4',1996,51800,'2.5L','DIESEL TURBO','88.5','83Kw',5,'4A4x4','4D WAGON','4WD','2540mm','Offroad'),(14811,'LAND ROVER','FREELANDER','XEi 4x4',2000,34886,'1.8L','MULTI POINT F/INJ','59L','84Kw',5,'5M4x4','3D HARDBACK','4WD','2535mm','Offroad'),(14812,'LAND ROVER','DISCOVERY','ES V8 4x4',1999,66000,'4.0L','MULTI POINT F/INJ','95L','132Kw',7,'4A','4D WAGON','4WD','2540mm','Offroad'),(14813,'LAND ROVER','DISCOVERY','Tdi 4x4',1994,50430,'2.5L','DIESEL TURBO','88.5','83Kw',5,'4A4x4','4D WAGON','4WD','2540mm','Offroad'),(14814,'LAND ROVER','DISCOVERY','SERIES II SE 4x4',2004,71450,'4.0L','MULTI POINT F/INJ','93L','136Kw',7,'4A','4D WAGON','4WD','2540mm','Offroad'),(14815,'LAND ROVER','(4x4)','SWB',1978,9045,'2.3L','DIESEL','45L','46Kw',8,'4M4x4','2D HARDTOP','4WD','2230mm','Offroad'),(14816,'LAND ROVER','DISCOVERY','SERIES II S 4x4',2003,55450,'4.0L','MULTI POINT F/INJ','93L','136Kw',7,'4A','4D WAGON','4WD','2540mm','Offroad'),(14817,'LAND ROVER','DISCOVERY','SERIES II',2003,51950,'2.5L','DIESEL TURBO F/INJ','93L','101Kw',5,'5M','4D WAGON','4WD','2540mm','Offroad'),(14818,'LAND ROVER','DISCOVERY','S 4x4',1998,39990,'2.5L','DIESEL TURBO','88.5','83Kw',5,'5M4x4','4D WAGON','4WD','2540mm','Offroad'),(14819,'LAND ROVER','(4x4)','LWB',1972,5203,'2.3L','DIESEL','73L','46Kw',12,'4M4x4','2D HARDTOP','4WD','2768mm','Offroad'),(14831,'BMW','X5','E53 3.0d',2004,84500,'3.0L','TURBO CDI','93L','150Kw',5,'6A','4D WAGON','4WD','2820mm','Sports'),(14832,'BMW','3','E46 18i EXECUTIVE',2002,56550,'2.0L','MULTI POINT F/INJ','63L','105Kw',5,'5AS','4D SEDAN','RWD','2725mm','City'),(14833,'BMW','3','23i',1996,62550,'2.5L','MULTI POINT F/INJ','62L','125Kw',5,'5M','4D SEDAN','RWD','2700mm','Sports'),(14834,'BMW','3','E46 30Ci',2001,109050,'3.0L','MULTI POINT F/INJ','63L','170Kw',5,'5AS','2D CONVERTIBLE','RWD','2725mm','Sports'),(14835,'BMW','7','35i EXECUTIVE',1987,136500,'3.4L','ELECTRONIC F/INJ','90L','155Kw',5,'4A','4D SEDAN','RWD','2833mm','Sports'),(14836,'BMW','5','E60 25i',2005,89000,'2.5L','MULTI POINT F/INJ','70L','141Kw',5,'6AS','4D SEDAN','RWD','2888mm','Sports'),(14837,'BMW','3','E91 23i TOURING',2006,71500,'2.5L','MULTI POINT F/INJ','60L','130Kw',5,'6AS','4D WAGON','RWD','2760mm','Long Distance'),(14838,'BMW','5','E34 25i EXECUTIVE',1996,98200,'2.5L','ELECTRONIC F/INJ','80L','141Kw',5,'5A','4D SEDAN','RWD','2761mm','Sports'),(14839,'BMW','3','E36 16i OPEN AIR',1995,46200,'1.6L','MULTI POINT F/INJ','52L','75Kw',5,'5M','3D HATCHBACK','RWD','2700mm','Liesure'),(14842,'BMW','3','E90 20i EXECUTIVE',2005,57200,'2.0L','MULTI POINT F/INJ','65L','110Kw',5,'6AS','4D SEDAN','RWD','2760mm','Long Distance'),(14843,'BMW','3','E46 30i',2001,90700,'3.0L','MULTI POINT F/INJ','63L','170Kw',5,'5AS','4D SEDAN','RWD','2725mm','Sports'),(14846,'BMW','X5','E53 3.0i',2004,84000,'3.0L','MULTI POINT F/INJ','93L','170Kw',5,'5AS','4D WAGON','4WD','2820mm','Sports'),(14847,'BMW','3','18is',1998,56600,'1.9L','MULTI POINT F/INJ','65L','103Kw',5,'4A','4D SEDAN','RWD','2700mm','City'),(14850,'BMW','7','35i',1984,59500,'3.2L','ELECTRONIC F/INJ','100L','145Kw',5,'4A','4D SEDAN','RWD','2795mm','Liesure'),(14851,'BMW','3','E46 20i SPORT',2005,65300,'2.2L','MULTI POINT F/INJ','63L','125Kw',5,'5AS','4D SEDAN','RWD','2725mm','Long Distance'),(14852,'BMW','3','E46 16ti',2002,43869,'1.8L','MULTI POINT F/INJ','63L','85Kw',5,'5AS','3D HATCHBACK','RWD','2725mm','City'),(14853,'BMW','1','E87 20i',2005,44100,'2.0L','MULTI POINT F/INJ','50L','110Kw',5,'6A','5D HATCHBACK','RWD','2660mm','City'),(14854,'BMW','3','20i',1989,54700,'2.0L','ELECTRONIC F/INJ','65L','95Kw',5,'5M','4D SEDAN','RWD','2570mm','Liesure'),(14855,'BMW','3','E46 20Ci',2001,67050,'2.2L','MULTI POINT F/INJ','63L','125Kw',5,'5AS','2D COUPE','RWD','2725mm','Sports'),(14856,'BMW','3','25i',1988,74500,'2.5L','ELECTRONIC F/INJ','55L','125Kw',5,'4A','4D SEDAN','RWD','2570mm','Liesure'),(14857,'BMW','3','E46 18i SPORT',2005,54500,'2.0L','MULTI POINT F/INJ','63L','105Kw',5,'5M','4D SEDAN','RWD','2725mm','City'),(14858,'BMW','3','E36 28i',1996,83330,'2.8L','MULTI POINT F/INJ','65L','142Kw',5,'5A','4D SEDAN','RWD','2700mm','Liesure'),(14859,'BMW','5','28i',1997,96500,'2.8L','MULTI POINT F/INJ','70L','142Kw',5,'5AS','4D SEDAN','RWD','2830mm','Sports'),(14860,'BMW','3','18i',1997,51320,'1.8L','ELECTRONIC F/INJ','65L','85Kw',5,'4A','4D SEDAN','RWD','2700mm','Long Distance'),(14861,'BMW','3','18is',1997,55100,'1.9L','MULTI POINT F/INJ','65L','103Kw',5,'5M','4D SEDAN','RWD','2700mm','City'),(14862,'BMW','3','E46 18i EXECUTIVE',2001,53950,'2.0L','MULTI POINT F/INJ','63L','105Kw',5,'5M','4D SEDAN','RWD','2725mm','Long Distance'),(14863,'BMW','X5','E53 3.0i',2001,82350,'3.0L','MULTI POINT F/INJ','93L','170Kw',5,'5AS','4D WAGON','4WD','2820mm','Sports'),(14864,'BMW','1','E87 20d',2006,47800,'2.0L','DIESEL TURBO F/INJ','51L','115Kw',5,'6A','5D HATCHBACK','RWD','2660mm','City'),(14865,'BMW','3','E46 18i EXECUTIVE',2000,52070,'1.9L','MULTI POINT F/INJ','63L','87Kw',5,'5M','4D SEDAN','RWD','2725mm','City'),(14866,'BMW','X5','E53 3.0i',2006,84000,'3.0L','MULTI POINT F/INJ','93L','170Kw',5,'5AS','4D WAGON','4WD','2820mm','Sports'),(14867,'BMW','3','18i',1995,49650,'1.8L','ELECTRONIC F/INJ','65L','85Kw',5,'5M','4D SEDAN','RWD','2700mm','Liesure'),(14870,'BMW','3','23Ci',1999,73900,'2.5L','MULTI POINT F/INJ','63L','125Kw',5,'5M','2D COUPE','RWD','2725mm','City'),(14871,'BMW','X5','E53 MY06 UPGRADE 3.0d',2006,86800,'3.0L','TURBO CDI','93L','150Kw',5,'6A','4D WAGON','4WD','2820mm','Sports'),(14872,'BMW','3','E46 18i',1999,54370,'1.9L','MULTI POINT F/INJ','63L','87Kw',5,'5M','4D SEDAN','RWD','2725mm','City'),(14873,'BMW','3','18is',1996,57110,'1.8L','ELECTRONIC F/INJ','65L','103Kw',5,'4A','2D COUPE','RWD','2700mm','City'),(14874,'BMW','3','E46 16ti',2004,41750,'1.8L','MULTI POINT F/INJ','63L','85Kw',5,'5M','3D HATCHBACK','RWD','2725mm','City'),(14875,'BMW','3','18i',1989,36950,'1.8L','ELECTRONIC F/INJ','55L','83Kw',5,'5M','2D SEDAN','RWD','2570mm','Liesure'),(14876,'BMW','3','18i',1994,46500,'1.8L','ELECTRONIC F/INJ','65L','85Kw',5,'5M','4D SEDAN','RWD','2700mm','Liesure'),(14877,'BMW','3','E90 20i',2006,53400,'2.0L','MULTI POINT F/INJ','65L','110Kw',5,'6AS','4D SEDAN','RWD','2760mm','City'),(14878,'BMW','5','E39 23i',1996,83600,'2.5L','MULTI POINT F/INJ','70L','125Kw',5,'5AS','4D SEDAN','RWD','2830mm','Long Distance'),(14879,'BMW','5','E39 30i SPORT',2002,101400,'3.0L','MULTI POINT F/INJ','70L','170Kw',5,'5AS','4D SEDAN','RWD','2830mm','Sports'),(14880,'BMW','5','20i',1991,69100,'2.0L','ELECTRONIC F/INJ','80L','110Kw',5,'5A','4D SEDAN','RWD','2761mm','City'),(14881,'BMW','3','18i',1991,44300,'1.8L','ELECTRONIC F/INJ','65L','85Kw',5,'4A','4D SEDAN','RWD','2700mm','Liesure'),(14882,'BMW','3','E46 18i',2000,48315,'1.9L','MULTI POINT F/INJ','63L','87Kw',5,'5M','4D SEDAN','RWD','2725mm','City'),(14883,'BMW','3','18i',1986,38600,'1.8L','ELECTRONIC F/INJ','58L','77Kw',5,'5M','4D SEDAN','RWD','2570mm','Long Distance'),(14884,'BMW','3','E36 18is SPORT',1998,58950,'1.9L','MULTI POINT F/INJ','62L','103Kw',5,'5M','2D COUPE','RWD','2700mm','Sports'),(14885,'BMW','7','35iL EXECUTIVE',1988,145900,'3.4L','ELECTRONIC F/INJ','95L','155Kw',5,'4A','4D SEDAN','RWD','2945mm','Sports'),(14886,'NULL','NULL','NULL',0,0,'NULL','NULL','NULL','NULL',0,'NULL','NULL','NULL','NULL','NULL'),(14887,'BMW','5','25i',1991,80200,'2.5L','ELECTRONIC F/INJ','80L','141Kw',5,'5M','4D SEDAN','RWD','2761mm','Liesure'),(14888,'BMW','3','E46 25Ci',2002,75000,'2.5L','MULTI POINT F/INJ','63L','141Kw',5,'5AS','2D COUPE','RWD','2725mm','Sports'),(14889,'BMW','3','E46 16ti',2005,40350,'1.8L','MULTI POINT F/INJ','63L','85Kw',5,'5M','3D HATCHBACK','RWD','2725mm','City'),(14890,'BMW','X5','E53 3.0d',2005,84300,'3.0L','TURBO CDI','93L','150Kw',5,'6A','4D WAGON','4WD','2820mm','Sports'),(14891,'DATSUN','FAIRLADY','SPORTS',1964,2530,'1.5L','CARB','43L','63Kw',0,'4M','2D ROADSTER','RWD','2280mm','Liesure'),(14892,'NULL','NULL','NULL',0,0,'NULL','NULL','NULL','NULL',0,'NULL','NULL','NULL','NULL','NULL'),(14894,'NULL','NULL','NULL',0,0,'NULL','NULL','NULL','NULL',0,'NULL','NULL','NULL','NULL','NULL'),(14895,'DATSUN','180B','SSS',1977,6012,'1.8L','CARB','55L','82Kw',5,'5M','2D HARDTOP','RWD','2500mm','Liesure'),(14896,'MAZDA','121','METRO SHADES',2001,19050,'1.5L','ELECTRONIC F/INJ','43L','64Kw',5,'5M','5D HATCHBACK','FWD','2390mm','City'),(14897,'MAZDA','121','SHADES',1997,14200,'1.3L','SINGLE POINT F/INJ','40L','54Kw',5,'5M','4D SEDAN','FWD','2390mm','City'),(14899,'MAZDA','121','METRO SHADES',2002,19240,'1.5L','ELECTRONIC F/INJ','43L','64Kw',5,'5M','5D HATCHBACK','FWD','2390mm','City'),(14900,'MAZDA','121','DELUXE',1987,12250,'1.3L','CARB','38L','46Kw',5,'5M','3D HATCHBACK','FWD','2295mm','Liesure'),(14901,'MAZDA','121','METRO SHADES',1999,19590,'1.5L','ELECTRONIC F/INJ','40L','64Kw',5,'4A','5D HATCHBACK','FWD','2390mm','City'),(14902,'VOLKSWAGEN','TRANSPORTER','T5 MY08 CREWVAN SWB',2008,42990,'2.5L','DIESEL TURBO F/INJ','80L','96Kw',5,'6ATip','VAN','FWD','3000mm','Long Distance'),(14903,'VOLKSWAGEN','JETTA','1KM 2.0 TDI',2006,35490,'2.0L','DIESEL TURBO F/INJ','55L','103Kw',5,'6M','4D SEDAN','FWD','2578mm','City'),(14904,'VOLKSWAGEN','TRANSPORTER','T5 SWB',2005,43400,'2.5L','DIESEL TURBO F/INJ','80L','96Kw',2,'6ATip','VAN','FWD','3000mm','Long Distance'),(14905,'VOLKSWAGEN','POLO','9N MY07 UPGRADE CLUB',2007,16990,'1.4L','MULTI POINT F/INJ','45L','59Kw',5,'5M','3D HATCHBACK','FWD','2465mm','City'),(14906,'VOLKSWAGEN','JETTA','1KM 2.0 TURBO FSI',2006,39990,'2.0L','TURBO MPFI','55L','147Kw',5,'6ADSG','4D SEDAN','FWD','2578mm','Sports'),(14907,'VOLKSWAGEN','MULTIVAN','T5 HIGHLINE',2006,72990,'2.5L','DIESEL TURBO F/INJ','80L','128Kw',7,'6ATip','4D VAN','FWD','3000mm','Long Distance'),(14908,'VOLKSWAGEN','JETTA','1KM 2.0 TURBO FSI',2007,39990,'2.0L','TURBO MPFI','55L','147Kw',5,'6ADSG','4D SEDAN','FWD','2578mm','Sports'),(14909,'VOLKSWAGEN','GOLF','1K GTi',2007,39990,'2.0L','TURBO MPFI','55L','147Kw',5,'6M','5D HATCHBACK','FWD','2578mm','Sports'),(14910,'VOLKSWAGEN','GOLF','GL',2001,25990,'1.6L','MULTI POINT F/INJ','55L','74Kw',5,'5M','5D HATCHBACK','FWD','2511mm','City'),(14911,'VOLKSWAGEN','GOLF','1K 1.9 TDI COMFORTLINE',2005,32290,'1.9L','DIESEL TURBO F/INJ','55L','77Kw',5,'6ADSG','5D HATCHBACK','FWD','2578mm','City'),(14912,'VOLKSWAGEN','JETTA','1KM 2.0 FSI',2007,35290,'2.0L','MULTI POINT F/INJ','55L','110Kw',5,'6ATip','4D SEDAN','FWD','2578mm','City'),(14914,'VOLKSWAGEN','GOLF','1K GT',2007,37290,'1.4L','S/C & T/C MPFI','55L','125Kw',5,'6ADSG','5D HATCHBACK','FWD','2578mm','Sports'),(14915,'VOLKSWAGEN','GOLF','GL',1995,30490,'2.0L','MULTI POINT F/INJ','55L','85Kw',5,'5M','5D HATCHBACK','FWD','2475mm','City'),(14920,'VOLKSWAGEN','JETTA','1KM 2.0 TDI',2007,37990,'2.0L','DIESEL TURBO F/INJ','55L','103Kw',5,'6ADSG','4D SEDAN','FWD','2578mm','City'),(14921,'VOLKSWAGEN','GOLF','1K 2.0 FSI COMFORTLINE',2005,32290,'2.0L','ELECTRONIC F/INJ','55L','110Kw',5,'6ATip','5D HATCHBACK','FWD','2578mm','City'),(14922,'VOLKSWAGEN','GOLF','1K 2.0 TDI COMFORTLINE',2007,32490,'2.0L','DIESEL TURBO F/INJ','55L','103Kw',5,'6M','5D HATCHBACK','FWD','2578mm','City'),(14923,'VOLKSWAGEN','PASSAT','3B 1.8T',2002,49800,'1.8L','TURBO MPFI','62L','110Kw',5,'5ATip','4D WAGON','FWD','2703mm','City'),(14924,'VOLKSWAGEN','GOLF','1K 2.0 FSI SPORTLINE',2006,32990,'2.0L','ELECTRONIC F/INJ','55L','110Kw',5,'6M','5D HATCHBACK','FWD','2578mm','City'),(14925,'VOLKSWAGEN','GOLF','GLE',1999,34990,'2.0L','MULTI POINT F/INJ','55L','85Kw',5,'5M','5D HATCHBACK','FWD','2511mm','City'),(14926,'VOLKSWAGEN','GOLF','GL',1998,31980,'1.6L','MULTI POINT F/INJ','55L','74Kw',5,'4A','5D HATCHBACK','FWD','2511mm','City'),(14927,'VOLKSWAGEN','MULTIVAN','T5 COMFORTLINE 4MOTION',2006,60990,'2.5L','DIESEL TURBO F/INJ','80L','128Kw',7,'6M','4D VAN','4WD','3000mm','Long Distance'),(14928,'VOLKSWAGEN','POLO','9N S',2002,21800,'1.4L','MULTI POINT F/INJ','45L','55Kw',5,'5M','5D HATCHBACK','FWD','2460mm','City'),(14929,'VOLKSWAGEN','TOUAREG','7L R5 TDi LUXURY',2006,78600,'2.5L','DIESEL TURBO F/INJ','100L','128Kw',5,'6ATip','4D WAGON','4WD','2855mm','Offroad'),(14930,'VOLKSWAGEN','CADDY','2K LIFE',2006,34990,'1.9L','DIESEL TURBO F/INJ','60L','77Kw',5,'6ADSG','4D WAGON','FWD','2682mm','City'),(14940,'VOLKSWAGEN','GOLF','1K 2.0 TDI COMFORTLINE',2004,32490,'2.0L','DIESEL TURBO F/INJ','55L','103Kw',5,'6M','5D HATCHBACK','FWD','2578mm','City'),(14941,'VOLKSWAGEN','BORA','1J 2.0',2001,36350,'2.0L','MULTI POINT F/INJ','55L','85Kw',5,'5M','4D SEDAN','FWD','2500mm','City'),(14942,'VOLKSWAGEN','POLO','9N MY06 UPGRADE CLUB',2006,16990,'1.4L','MULTI POINT F/INJ','45L','55Kw',5,'5M','3D HATCHBACK','FWD','2465mm','City'),(14943,'VOLKSWAGEN','CADDY','2K 1.9 TDi',2006,24990,'1.9L','DIESEL TURBO F/INJ','60L','77Kw',2,'5M','VAN','FWD','2682mm','City'),(14944,'VOLKSWAGEN','POLO','9N',2003,19800,'1.4L','MULTI POINT F/INJ','45L','55Kw',5,'5M','3D HATCHBACK','FWD','2460mm','City'),(14945,'VOLKSWAGEN','GOLF','1.6 GENERATION',2004,25990,'1.6L','MULTI POINT F/INJ','55L','75Kw',5,'5M','5D HATCHBACK','FWD','2511mm','City'),(14946,'VOLKSWAGEN','POLO','9N MY07 UPGRADE GTi',2007,26990,'1.8L','TURBO MPFI','45L','110Kw',5,'5M','3D HATCHBACK','FWD','2466mm','City'),(14947,'VOLKSWAGEN','GOLF','GL',1999,31190,'1.6L','MULTI POINT F/INJ','55L','74Kw',5,'4A','5D HATCHBACK','FWD','2511mm','City'),(14948,'VOLKSWAGEN','GOLF','1K 2.0 TDI COMFORTLINE',2006,34790,'2.0L','DIESEL TURBO F/INJ','55L','103Kw',5,'6ADSG','5D HATCHBACK','FWD','2578mm','City'),(14949,'VOLKSWAGEN','GOLF','GL',2000,25990,'1.6L','MULTI POINT F/INJ','55L','74Kw',5,'5M','5D HATCHBACK','FWD','2511mm','City'),(14950,'VOLKSWAGEN','GOLF','1K 1.6 TRENDLINE',2005,25490,'1.6L','MULTI POINT F/INJ','55L','75Kw',5,'5M','5D HATCHBACK','FWD','2578mm','City'),(14960,'VOLKSWAGEN','PASSAT','3C 2.0T FSI',2006,44990,'2.0L','TURBO MPFI','70L','147Kw',5,'6ATip','4D SEDAN','FWD','2709mm','Long Distance'),(14961,'VOLKSWAGEN','TOUAREG','7L R5 TDi LUXURY',2005,78600,'2.5L','DIESEL TURBO F/INJ','100L','128Kw',5,'6ATip','4D WAGON','4WD','2855mm','Offroad'),(14962,'VOLKSWAGEN','PASSAT','3C 3.2 V6 FSI',2006,54990,'3.2L','MULTI POINT F/INJ','70L','184Kw',5,'6ADSG','4D SEDAN','AWD','2709mm','Long Distance'),(14963,'NULL','NULL','NULL',0,0,'NULL','NULL','NULL','NULL',0,'NULL','NULL','NULL','NULL','NULL'),(14964,'VOLKSWAGEN','GOLF','2.0 S',2002,29490,'2.0L','MULTI POINT F/INJ','55L','85Kw',5,'5M','5D HATCHBACK','FWD','2511mm','City'),(14965,'VOLKSWAGEN','CARAVELLE','V6',2003,59990,'2.8L','MULTI POINT F/INJ','80L','150Kw',8,'4A','4D WAGON','FWD','2920mm','Long Distance'),(14966,'VOLKSWAGEN','GOLF','2.0 GENERATION',2004,29490,'2.0L','MULTI POINT F/INJ','55L','85Kw',5,'4A','5D HATCHBACK','FWD','2511mm','City'),(14967,'VOLKSWAGEN','POLO','OPEN AIR',1999,21490,'1.6L','MULTI POINT F/INJ','45L','55Kw',5,'5M','5D HATCHBACK','FWD','2400mm','City'),(14969,'VOLKSWAGEN','1600','SUPER BUG L',1975,3798,'1.6L','CARB','42L','37Kw',4,'4M','2D SEDAN','RWD','2420mm','Liesure'),(14984,'ALFA ROMEO','GTV','2',1999,61990,'2.0L','MULTI POINT F/INJ','70L','114Kw',4,'5M','2D COUPE','FWD','2540mm','Leisure'),(14985,'ALFA ROMEO','156','V6 24V',2002,57500,'2.5L','MULTI POINT F/INJ','63L','140Kw',5,'6M','4D SEDAN','FWD','2595mm','Long Distance'),(14988,'NULL','NULL','NULL',0,0,'NULL','NULL','NULL','NULL',0,'NULL','NULL','NULL','NULL','NULL'),(15000,'ALFA ROMEO','147','GTA MONZA',2005,59990,'3.2L','MULTI POINT F/INJ','63L','184Kw',5,'6M','3D HATCHBACK','FWD','2546mm','City'),(15001,'ALFA ROMEO','156','2.0 SELESPEED TWIN SPARK',1999,49950,'2.0L','MULTI POINT F/INJ','63L','114Kw',5,'5MSel','4D SEDAN','FWD','2595mm','Long Distance'),(15002,'ALFA ROMEO','147','2.0 TWIN SPARK',2003,39500,'2.0L','MULTI POINT F/INJ','60L','110Kw',5,'5M','5D HATCHBACK','FWD','2546mm','City'),(15003,'MERCEDES-BENZ','SLK','R171 200K',2004,86900,'1.8L','SUPERCHARGED MPFI','70L','120Kw',2,'5ATS','2D CONVERTIBLE','RWD','2430mm','City'),(15004,'MERCEDES-BENZ','ML','W163 270 CDI 4x4',2002,69474,'2.7L','TURBO CDI','83L','120Kw',5,'5ATS','4D WAGON','4WD','2820mm','Long Distance'),(15005,'MERCEDES-BENZ','ML','W163 320 LUXURY 4x4',2002,77274,'3.2L','MULTI POINT F/INJ','83L','160Kw',5,'5ATS','4D WAGON','4WD','2820mm','Long Distance'),(15006,'MERCEDES-BENZ','C180','W203 KOMPRESSOR AVANTGARDE',2002,61400,'1.8L','SUPERCHARGED MPFI','70L','105Kw',5,'5ATS','4D SEDAN','RWD','2715mm','City'),(15007,'MERCEDES-BENZ','ML','320 LUXURY 4x4',2000,72900,'3.2L','MULTI POINT F/INJ','70L','160Kw',5,'5ATS','4D WAGON','4WD','2820mm','Offroad'),(15008,'MERCEDES-BENZ','SLK230','KOMPRESSOR',2000,95380,'2.3L','SUPERCHARGED MPFI','53L','142Kw',2,'5A','2D CONVERTIBLE','RWD','2400mm','City'),(15009,'MERCEDES-BENZ','ML','W163 500 LUXURY 4x4',2004,99900,'5.0L','MULTI POINT F/INJ','83L','215Kw',5,'5ATS','4D WAGON','4WD','2820mm','Offroad'),(15010,'MERCEDES-BENZ','300','TE',1991,124500,'3.0L','ELECTRONIC F/INJ','70L','135Kw',7,'4A','4D WAGON','RWD','2800mm','Long Distance'),(15011,'MERCEDES-BENZ','C200','W202 ELEGANCE',2000,64580,'2.0L','MULTI POINT F/INJ','62L','100Kw',5,'5A','4D SEDAN','RWD','2690mm','City'),(15020,'MERCEDES-BENZ','280','W126 SE',1982,55979,'2.7L','ELECTRONIC F/INJ','90L','125Kw',5,'4A','4D SEDAN','RWD','2935mm','Liesure'),(15021,'NULL','NULL','NULL',0,0,'NULL','NULL','NULL','NULL',0,'NULL','NULL','NULL','NULL','NULL'),(15022,'MERCEDES-BENZ','ML','320 LUXURY 4x4',1999,73400,'3.2L','MULTI POINT F/INJ','70L','160Kw',5,'5ATS','4D WAGON','4WD','2820mm','Offroad'),(15023,'MERCEDES-BENZ','ML','W163 270 CDI LUXURY 4x4',2003,77274,'2.7L','TURBO CDI','83L','120Kw',5,'5ATS','4D WAGON','4WD','2820mm','Offroad'),(15024,'MERCEDES-BENZ','E280','W210 ELEGANCE',1999,112400,'2.8L','MULTI POINT F/INJ','80L','150Kw',5,'5ASeq','4D SEDAN','RWD','2833mm','Long Distance'),(15025,'MERCEDES-BENZ','VITO','115CDI COMPACT CREW CAB',2005,48380,'2.1L','DIESEL TURBO F/INJ','75L','110Kw',5,'5A','5D VAN','RWD','3200mm','Long Distance'),(15026,'MERCEDES-BENZ','180','E LIMITED EDITION',1993,47115,'1.8L','ELECTRONIC F/INJ','55L','82Kw',5,'4A','4D SEDAN','RWD','2665mm','Liesure'),(15027,'MERCEDES-BENZ','A160','AVANTGARDE',1999,41400,'1.6L','MULTI POINT F/INJ','54L','75Kw',5,'5MSeq','5D HATCHBACK','FWD','2423mm','City'),(15028,'MERCEDES-BENZ','ML','270 CDI 4x4',2001,64900,'2.7L','TURBO CDI','70L','120Kw',5,'5ATS','4D WAGON','4WD','2820mm','Offroad'),(15029,'MERCEDES-BENZ','A170','W169 ELEGANCE',2006,42400,'1.7L','MULTI POINT F/INJ','54L','85Kw',5,'CVT7','5D HATCHBACK','FWD','2568mm','City'),(15030,'MERCEDES-BENZ','300','W124 E',1986,79296,'3.0L','ELECTRONIC F/INJ','70L','135Kw',5,'4A','4D SEDAN','RWD','2800mm','Liesure'),(15040,'MERCEDES-BENZ','230','W124 E',1988,87100,'2.3L','ELECTRONIC F/INJ','70L','97Kw',5,'4A','4D SEDAN','RWD','2800mm','Liesure'),(15041,'MERCEDES-BENZ','180','E LIMITED EDITION',1992,45690,'1.8L','ELECTRONIC F/INJ','55L','82Kw',5,'4A','4D SEDAN','RWD','2665mm','Liesure'),(15042,'MERCEDES-BENZ','E55','211 MY06 UPGRADE AMG',2006,225600,'5.4L','SUPERCHARGED MPFI','80L','350Kw',5,'5ATSh','4D SEDAN','RWD','2854mm','Sports'),(15043,'MERCEDES-BENZ','380','SEL',1982,68795,'3.8L','ELECTRONIC F/INJ','90L','145Kw',5,'4A','4D SEDAN','RWD','3075mm','Liesure'),(15044,'MERCEDES-BENZ','A190','W168 LWB ELEGANCE',2004,42900,'1.9L','MULTI POINT F/INJ','54L','92Kw',5,'5MSeq','5D HATCHBACK','FWD','2593mm','City'),(15045,'MERCEDES-BENZ','180','E LIMITED EDITION',1994,47115,'1.8L','ELECTRONIC F/INJ','55L','82Kw',5,'4A','4D SEDAN','RWD','2665mm','Liesure'),(15046,'MERCEDES-BENZ','A190','W168 AVANTGARDE',2001,41230,'1.9L','MULTI POINT F/INJ','54L','92Kw',5,'5MSeq','5D HATCHBACK','FWD','2423mm','City'),(15047,'MERCEDES-BENZ','CLK230','KOMP ELEGANCE',2000,111580,'2.3L','SUPERCHARGED MPFI','62L','142Kw',4,'5A','2D CABRIOLET','RWD','2690mm','Sports'),(15048,'MERCEDES-BENZ','A190','W168 AVANTGARDE',2000,41230,'1.9L','MULTI POINT F/INJ','54L','92Kw',5,'5MSeq','5D HATCHBACK','FWD','2423mm','City'),(15049,'MERCEDES-BENZ','ML','W163 500 LUXURY 4x4',2001,98500,'5.0L','MULTI POINT F/INJ','83L','215Kw',5,'5ATS','4D WAGON','4WD','2820mm','Long Distance'),(15050,'MERCEDES-BENZ','E500','211 AVANTGARDE',2002,153900,'5.0L','MULTI POINT F/INJ','89L','225Kw',5,'5ATSh','4D SEDAN','RWD','2854mm','Sports'),(15063,'RENAULT','CLIO','SPORT',2002,33990,'2.0L','MULTI POINT F/INJ','50L','124Kw',5,'5M','3D HATCHBACK','FWD','2472mm','City'),(15066,'RENAULT','CLIO','CAMPUS',2006,18990,'1.4L','MULTI POINT F/INJ','50L','72Kw',5,'5M','5D HATCHBACK','FWD','2472mm','City'),(15068,'RENAULT','SCENIC','PRIVILEGE',2003,37990,'2.0L','MULTI POINT F/INJ','60L','101Kw',5,'4A','5D WAGON','FWD','2580mm','Long Distance'),(15080,'RENAULT','19','RT',1995,26790,'1.7L','MULTI POINT F/INJ','55L','68Kw',5,'5M','5D HATCHBACK','FWD','2540mm','City'),(15081,'RENAULT','MEGANE','PRIVILEGE',2004,35990,'2.0L','MULTI POINT F/INJ','60L','98Kw',5,'4A','4D SEDAN','FWD','2686mm','City'),(15082,'RENAULT','MEGANE','EXPRESSION',2002,41490,'1.6L','MULTI POINT F/INJ','60L','79Kw',4,'5M','2D CABRIOLET','FWD','2461mm','City'),(15083,'VOLVO','S60','05 UPGRADE 2.4 20V SE',2006,56950,'2.4L','MULTI POINT F/INJ','70L','125Kw',5,'5A','4D SEDAN','FWD','2715mm','Long Distance'),(15084,'VOLVO','V50','MY08 D5',2008,47950,'2.4L','DIESEL TURBO F/INJ','60L','132Kw',5,'5AG','4D WAGON','FWD','2640mm','Long Distance'),(15085,'VOLVO','7','40 TURBO',1989,65900,'2.3L','TURBO EFI','82L','119Kw',5,'4A','4D SEDAN','RWD','2770mm','Liesure'),(15087,'VOLVO','8','50 GLE',1992,45690,'2.4L','ELECTRONIC F/INJ','73L','103Kw',5,'4A','4D SEDAN','FWD','2665mm','City'),(15088,'VOLVO','XC70','05 UPGRADE II LIFESTYLE EDITION LE',2005,64450,'2.5L','TURBO MPFI','70L','154Kw',5,'5AG','4D WAGON','AWD','2761mm','Sports'),(15089,'VOLVO','V50','MY07 2.4 LE',2007,47950,'2.4L','MULTI POINT F/INJ','62L','125Kw',5,'5AG','4D WAGON','FWD','2640mm','Long Distance'),(15100,'VOLVO','S40','MY2003 2.0 SE',2003,47950,'1.9L','MULTI POINT F/INJ','60L','100Kw',5,'5A','4D SEDAN','FWD','2562mm','City'),(15101,'VOLVO','S40','MY2001 2.0 SE',2001,47950,'1.9L','MULTI POINT F/INJ','60L','100Kw',5,'5A','4D SEDAN','FWD','2562mm','City'),(15102,'VOLVO','8','50 GLE',1994,47950,'2.4L','ELECTRONIC F/INJ','73L','103Kw',5,'4A','4D SEDAN','FWD','2665mm','City'),(15103,'VOLVO','S80','T6 SE',2001,98950,'2.8L','TWIN TURBO MPFI','80L','200Kw',5,'4AG','4D SEDAN','RWD','2791mm','Long Distance'),(15104,'VOLVO','8','50 SE',1997,59950,'2.4L','MULTI POINT F/INJ','73L','125Kw',5,'4A','5D WAGON','FWD','2665mm','Long Distance'),(15105,'VOLVO','V40','2',1997,45950,'1.9L','MULTI POINT F/INJ','60L','103Kw',5,'4A','5D WAGON','FWD','2550mm','City'),(15106,'VOLVO','S40','2',1997,44950,'1.9L','MULTI POINT F/INJ','60L','103Kw',5,'4A','4D SEDAN','FWD','2550mm','City'),(15107,'VOLVO','XC90','MY06 LIFESTYLE EDITION LE',2006,69950,'2.5L','TURBO MPFI','72L','154Kw',7,'5AG','4D WAGON','AWD','2857mm','Sports'),(15108,'VOLVO','S40','T4',1998,53450,'1.9L','TURBO MPFI','60L','147Kw',5,'5M','4D SEDAN','FWD','2550mm','Sports'),(15109,'VOLVO','4','40 GLT',1994,40950,'2.0L','ELECTRONIC F/INJ','60L','80Kw',5,'4A','4D HATCHBACK','FWD','2503mm','Liesure'),(15110,'VOLVO','2','44 GL',1979,11220,'2.1L','FUEL INJECTED','60L','91Kw',5,'3A','4D SEDAN','RWD','2640mm','City'),(15119,'VOLVO','4','40 GLT',1996,45500,'2.0L','ELECTRONIC F/INJ','60L','80Kw',5,'4A','4D HATCHBACK','FWD','2503mm','City'),(15121,'VOLVO','S40','MY06 T5 AWD',2006,54950,'2.5L','TURBO MPFI','57L','162Kw',5,'5AG','4D SEDAN','AWD','2640mm','Sports'),(15122,'NISSAN','200','S15 SX SPEC S GT',2002,42990,'2.0L','TURBO MPFI','65L','147Kw',4,'6M','2D COUPE','RWD','2525mm','Sports'),(15123,'NISSAN','200','SX SPORTS LIMITED',1994,38500,'2.0L','TURBO MPFI','65L','147Kw',4,'5M','2D COUPE','RWD','2525mm','Sports'),(15124,'NISSAN','200','SX SPORTS',1996,44510,'2.0L','TURBO MPFI','65L','147Kw',4,'5M','2D COUPE','RWD','2525mm','Sports'),(15125,'NISSAN','200','S15 SX SPEC S',2002,40990,'2.0L','TURBO MPFI','65L','147Kw',4,'6M','2D COUPE','RWD','2525mm','Sports'),(15126,'NISSAN','200','S15 SX SPEC R GT',2002,46490,'2.0L','TURBO MPFI','65L','147Kw',4,'6M','2D COUPE','RWD','2525mm','Sports'),(15127,'NISSAN','200','SX SPORTS LIMITED',1998,39990,'2.0L','TURBO MPFI','65L','147Kw',4,'5M','2D COUPE','RWD','2525mm','Sports'),(15128,'NISSAN','200','S15 SX SPEC S',2001,40990,'2.0L','TURBO MPFI','65L','147Kw',4,'6M','2D COUPE','RWD','2525mm','Sports'),(15129,'NISSAN','200','SX LUXURY',1998,49995,'2.0L','TURBO MPFI','65L','147Kw',4,'5M','2D COUPE','RWD','2525mm','Sports'),(15130,'PEUGEOT','205','GTi',1990,33750,'1.9L','ELECTRONIC F/INJ','50L','75Kw',5,'5M','3D HATCHBACK','FWD','2420mm','Liesure'),(15140,'PEUGEOT','406','D8 ST',1997,39995,'2.0L','MULTI POINT F/INJ','70L','100Kw',5,'5M','4D SEDAN','FWD','2700mm','City'),(15142,'PEUGEOT','405','Mi16',1993,41995,'2.0L','ELECTRONIC F/INJ','70L','112Kw',5,'5M','4D SEDAN','FWD','2669mm','Liesure'),(15143,'PEUGEOT','306','XT',2000,29490,'2.0L','MULTI POINT F/INJ','60L','100Kw',5,'5M','5D HATCHBACK','FWD','2580mm','City'),(15144,'PEUGEOT','206','XT',2001,22990,'1.6L','MULTI POINT F/INJ','50L','67Kw',5,'5M','5D HATCHBACK','FWD','2442mm','City'),(15145,'NULL','NULL','NULL',0,0,'NULL','NULL','NULL','NULL',0,'NULL','NULL','NULL','NULL','NULL'),(15146,'PEUGEOT','206','GTi',2004,29990,'2.0L','MULTI POINT F/INJ','50L','102Kw',5,'5M','3D HATCHBACK','FWD','2442mm','City'),(15147,'PEUGEOT','406','D9',2004,69550,'2.9L','MULTI POINT F/INJ','70L','157Kw',4,'5M','2D COUPE','FWD','2700mm','Sports'),(15148,'PEUGEOT','206','CC',2005,32990,'1.6L','MULTI POINT F/INJ','50L','80Kw',4,'5M','2D CABRIOLET','FWD','2442mm','City'),(15149,'PEUGEOT','307','XSE',2003,31790,'2.0L','MULTI POINT F/INJ','60L','100Kw',5,'5M','5D HATCHBACK','FWD','2608mm','City'),(15150,'PEUGEOT','206','XR',2002,19990,'1.4L','MULTI POINT F/INJ','50L','55Kw',5,'5M','5D HATCHBACK','FWD','2442mm','City'),(15160,'PEUGEOT','405','D60 SRI',1992,34995,'1.9L','ELECTRONIC F/INJ','70L','80Kw',5,'5M','4D SEDAN','FWD','2669mm','City'),(15161,'PEUGEOT','307','MY06 UPGRADE XSE HDi 2.0',2006,32290,'2.0L','DIESEL TURBO F/INJ','60L','100Kw',5,'6M','5D HATCHBACK','FWD','2608mm','City'),(15162,'PEUGEOT','206','XT',2000,22450,'1.6L','MULTI POINT F/INJ','50L','67Kw',5,'5M','5D HATCHBACK','FWD','2442mm','City'),(15163,'PEUGEOT','307','MY06 UPGRADE SPORT 2.0',2005,37990,'2.0L','MULTI POINT F/INJ','60L','130Kw',5,'5M','5D HATCHBACK','FWD','2608mm','Long Distance'),(15165,'PEUGEOT','206','CC',2006,34990,'1.6L','MULTI POINT F/INJ','50L','80Kw',4,'4ATip','2D CABRIOLET','FWD','2442mm','City'),(15166,'PEUGEOT','307','XSE',2004,33990,'2.0L','MULTI POINT F/INJ','60L','100Kw',5,'4ATip','5D HATCHBACK','FWD','2608mm','City'),(15167,'PEUGEOT','206','C',2006,22990,'1.6L','MULTI POINT F/INJ','50L','82Kw',5,'5M','5D HATCHBACK','FWD','2442mm','City'),(15168,'PEUGEOT','206','XR',2004,19990,'1.4L','MULTI POINT F/INJ','50L','55Kw',5,'5M','5D HATCHBACK','FWD','2442mm','City'),(15169,'PEUGEOT','307','MY06 UPGRADE XSE HDi 2.0 TOURING',2006,33990,'2.0L','DIESEL TURBO F/INJ','60L','100Kw',5,'6M','4D WAGON','FWD','2708mm','Long Distance'),(15181,'PEUGEOT','206','XR',2003,21990,'1.6L','MULTI POINT F/INJ','50L','82Kw',5,'5M','3D HATCHBACK','FWD','2442mm','City'),(15184,'EUNOS','800','M',1996,85165,'2.3L','MILLER CYCLE','68L','149Kw',5,'4A','4D SEDAN','FWD','2750mm','City'),(15186,'EUNOS','30','X SPORT',1996,37155,'1.8L','ELECTRONIC F/INJ','50L','99Kw',4,'5M','2D COUPE','FWD','2455mm','City'),(15199,'CHRYSLER','VALIANT','CM GLX',1979,8014,'4.3L','CARB','79L','120Kw',5,'3A','4D SEDAN','RWD','2820mm','Liesure'),(15200,'CHRYSLER','300C','LE MY06 CRD',2006,57990,'3.0L','DIESEL TURBO F/INJ','71L','160Kw',5,'5A','4D SEDAN','RWD','3050mm','Long Distance'),(15201,'CHRYSLER','VOYAGER','RG SE',2002,52590,'3.3L','MULTI POINT F/INJ','75L','128Kw',7,'4A','4D WAGON','FWD','2787mm','Long Distance'),(15202,'CHRYSLER','CROSSFIRE','ZH ROADSTER',2005,75990,'3.2L','MULTI POINT F/INJ','60L','160Kw',2,'5ASeq','2D CONVERTIBLE','RWD','2400mm','Sports'),(15203,'CHRYSLER','VOYAGER','GS SE',1999,48200,'3.3L','MULTI POINT F/INJ','76L','116Kw',7,'4A','4D WAGON','FWD','2878mm','Long Distance'),(15204,'CHRYSLER','PT CRUISER','MY06 CLASSIC',2005,31990,'2.4L','MULTI POINT F/INJ','57L','105Kw',5,'4A','5D HATCHBACK','FWD','2616mm','City'),(15205,'CHRYSLER','PT CRUISER','CLASSIC',2001,35200,'2.0L','MULTI POINT F/INJ','57L','104Kw',5,'5M','5D HATCHBACK','FWD','2616mm','City'),(15206,'NULL','NULL','NULL',0,0,'NULL','NULL','NULL','NULL',0,'NULL','NULL','NULL','NULL','NULL'),(15207,'CHRYSLER','300C','LE MY06 SRT8',2006,71990,'6.1L','MULTI POINT F/INJ','71L','317Kw',5,'5A','4D SEDAN','RWD','3050mm','Sports'),(15208,'CHRYSLER','GRAND VOYAGER','RG SE',2004,59090,'3.3L','MULTI POINT F/INJ','75L','128Kw',7,'4A','4D WAGON','FWD','3030mm','Long Distance'),(15209,'CHRYSLER','NEON','SE',1997,24880,'2.0L','ELECTRONIC F/INJ','47L','98Kw',5,'3A','4D SEDAN','FWD','2642mm','City'),(15210,'CHRYSLER','PT CRUISER','CLASSIC',2004,32490,'2.0L','MULTI POINT F/INJ','57L','104Kw',5,'4A','5D HATCHBACK','FWD','2616mm','City'),(15220,'CHRYSLER','VOYAGER','RG 05 UPGRADE LX',2004,62980,'3.3L','MULTI POINT F/INJ','75L','128Kw',7,'4A','4D WAGON','FWD','3030mm','Long Distance'),(15221,'CHRYSLER','PT CRUISER','LIMITED',2004,38490,'2.0L','MULTI POINT F/INJ','57L','104Kw',5,'4A','5D HATCHBACK','FWD','2616mm','City'),(15222,'CHRYSLER','VOYAGER','GS SE',2001,46900,'3.3L','MULTI POINT F/INJ','76L','116Kw',7,'4A','4D WAGON','FWD','2878mm','Long Distance'),(15223,'MAZDA','323','PROTEGE',1999,20990,'1.6L','MULTI POINT F/INJ','55L','78Kw',5,'5M','4D SEDAN','FWD','2610mm','City'),(15224,'MAZDA','323','ASTINA',1997,35700,'2.0L','MULTI POINT F/INJ','55L','104Kw',5,'5M','5D HATCHBACK','FWD','2605mm','City'),(15225,'MAZDA','323','ASTINA SHADES',2001,20490,'1.6L','MULTI POINT F/INJ','55L','78Kw',5,'5M','5D HATCHBACK','FWD','2605mm','City'),(15226,'MAZDA','323','DELUXE',1983,8835,'1.5L','CARB','45L','54Kw',4,'5M','4D WAGON','RWD','2315mm','Liesure'),(15227,'MAZDA','323','PROTEGE SHADES',2000,19715,'1.6L','MULTI POINT F/INJ','55L','78Kw',5,'5M','4D SEDAN','FWD','2610mm','City'),(15228,'MAZDA','323','PROTEGE',1997,22915,'1.8L','MULTI POINT F/INJ','55L','92Kw',5,'5M','4D SEDAN','FWD','2605mm','City'),(15229,'MAZDA','323','ASTINA',1995,31050,'1.8L','MULTI POINT F/INJ','55L','92Kw',5,'4A','5D HATCHBACK','FWD','2605mm','City'),(15230,'MAZDA','323','PROTEGE',1998,22915,'1.8L','MULTI POINT F/INJ','55L','92Kw',5,'5M','4D SEDAN','FWD','2605mm','City'),(15240,'MAZDA','323','PROTEGE',2000,19715,'1.6L','MULTI POINT F/INJ','55L','78Kw',5,'5M','4D SEDAN','FWD','2610mm','City'),(15241,'MAZDA','323','ASTINA',1993,25715,'1.8L','MULTI POINT F/INJ','55L','76Kw',5,'5M','5D HATCHBACK','FWD','2500mm','City'),(15242,'MAZDA','323','ASTINA SHADES',2000,19715,'1.6L','MULTI POINT F/INJ','55L','78Kw',5,'5M','5D HATCHBACK','FWD','2605mm','City'),(15243,'MAZDA','323','ASTINA',1996,38270,'2.0L','MULTI POINT F/INJ','55L','104Kw',5,'5M','5D HATCHBACK','FWD','2605mm','City'),(15244,'MAZDA','323','ASTINA',1998,28480,'1.8L','MULTI POINT F/INJ','55L','92Kw',5,'4A','5D HATCHBACK','FWD','2605mm','City'),(15245,'MAZDA','323','SUPER DELUXE',1989,20210,'1.6L','MULTI POINT F/INJ','48L','61Kw',5,'4A','5D HATCHBACK','FWD','2400mm','City'),(15246,'MAZDA','323','PROTEGE',2003,21840,'1.8L','MULTI POINT F/INJ','55L','92Kw',5,'4A','4D SEDAN','FWD','2610mm','City'),(15247,'MAZDA','323','ASTINA',2003,21840,'1.8L','MULTI POINT F/INJ','55L','92Kw',5,'4A','5D HATCHBACK','FWD','2610mm','City'),(15248,'MAZDA','323','SUPER DELUXE',1988,19390,'1.6L','CARB','48L','53Kw',5,'3A','5D HATCHBACK','FWD','2400mm','Liesure'),(15249,'MAZDA','323','ASTINA SHADES',1998,26990,'1.8L','MULTI POINT F/INJ','55L','92Kw',5,'5M','5D HATCHBACK','FWD','2605mm','City'),(15250,'MAZDA','323','ASTINA SP',1994,30085,'1.8L','MULTI POINT F/INJ','55L','92Kw',5,'5M','5D HATCHBACK','FWD','2500mm','City'),(15259,'MAZDA','323','LIMITED',1985,15826,'1.6L','MULTI POINT F/INJ','45L','61Kw',5,'5M','5D HATCHBACK','FWD','2400mm','City'),(15260,'MAZDA','323','ASTINA SP20',2002,29180,'2.0L','MULTI POINT F/INJ','55L','98Kw',5,'5M','5D HATCHBACK','FWD','2610mm','City'),(15261,'MAZDA','323','PROTEGE SHADES',2002,20695,'1.6L','MULTI POINT F/INJ','55L','78Kw',5,'5M','4D SEDAN','FWD','2605mm','City'),(15263,'MAZDA','323','BJ PROTEGE SHADES',2003,19990,'1.8L','MULTI POINT F/INJ','55L','92Kw',5,'5M','4D SEDAN','FWD','2610mm','City'),(15264,'MAZDA','323','PROTEGE SP20',2002,26990,'2.0L','MULTI POINT F/INJ','55L','98Kw',5,'5M','4D SEDAN','FWD','2610mm','City'),(15280,'MITSUBISHI','380','RG 05 UPGRADE LX',2005,35990,'3.8L','MULTI POINT F/INJ','67L','175Kw',5,'5ASPM','4D SEDAN','FWD','2750mm','Long Distance'),(15282,'TOYOTA','4 RUNNER','DELUXE 4x4',1989,28200,'2.4L','CARB','65L','75Kw',5,'5M4x4','4D WAGON','4WD','2625mm','Offroad'),(15284,'TOYOTA','4 RUNNER','RV6 4x4',1992,36954,'3.0L','ELECTRONIC F/INJ','65L','105Kw',5,'4A4x4','4D WAGON','4WD','2625mm','Offroad'),(15297,'MAZDA','626','CLASSIC',2000,31070,'2.0L','MULTI POINT F/INJ','64L','93Kw',5,'5M','5D HATCHBACK','FWD','2610mm','City'),(15300,'MAZDA','626','ECLIPSE',2002,31980,'2.0L','MULTI POINT F/INJ','64L','93Kw',5,'4A','4D SEDAN','FWD','2610mm','City'),(15301,'MAZDA','626','LUXURY',1999,37290,'2.0L','MULTI POINT F/INJ','64L','93Kw',5,'4A','5D HATCHBACK','FWD','2610mm','City'),(15302,'MAZDA','626','DELUXE',1994,31335,'2.0L','MULTI POINT F/INJ','60L','85Kw',5,'4A','4D SEDAN','FWD','2610mm','City'),(15303,'MAZDA','626','CLASSIC',1998,30180,'2.0L','MULTI POINT F/INJ','64L','93Kw',5,'5M','4D SEDAN','FWD','2610mm','City'),(15304,'MAZDA','626','CLASSIC',1999,32430,'2.0L','MULTI POINT F/INJ','64L','93Kw',5,'4A','4D SEDAN','FWD','2610mm','City'),(15305,'MAZDA','626','CLASSIC',2001,32900,'2.0L','MULTI POINT F/INJ','64L','93Kw',5,'4A','5D HATCHBACK','FWD','2610mm','City'),(15306,'MAZDA','626','LIMITED EDITION',2000,30160,'2.0L','MULTI POINT F/INJ','64L','93Kw',5,'5M','4D SEDAN','FWD','2610mm','City'),(15307,'AUDI','A4','B6 2.0',2002,50650,'2.0L','MULTI POINT F/INJ','70L','96Kw',5,'CVTM','4D SEDAN','FWD','2650mm','City'),(15308,'AUDI','A3','8P SPORTBACK 2.0 TDI AMBITION DSG',2005,47750,'2.0L','DIESEL TURBO F/INJ','55L','103Kw',5,'6ADSG','5D HATCHBACK','FWD','2578mm','City'),(15309,'AUDI','90','SPORT',1990,42245,'2.3L','ELECTRONIC F/INJ','68L','100Kw',5,'5M','4D SEDAN','FWD','2546mm','Liesure'),(15310,'AUDI','A4','B7 2.0',2007,50450,'2.0L','MULTI POINT F/INJ','70L','96Kw',5,'CVTM','4D SEDAN','FWD','2648mm','City'),(15316,'AUDI','TT','MY99',1999,73000,'1.8L','TURBO MPFI','55L','132Kw',4,'5M','2D COUPE','FWD','2419mm','Sports'),(15317,'AUDI','A4','1.8 SE 20V',1996,51320,'1.8L','MULTI POINT F/INJ','60L','92Kw',5,'4A','4D SEDAN','FWD','2617mm','City'),(15321,'AUDI','A4','B6 2.0 AVANT',2003,54250,'2.0L','MULTI POINT F/INJ','70L','96Kw',5,'CVTM6','4D WAGON','FWD','2650mm','City'),(15322,'AUDI','ALLROAD QUATTRO','C5',2001,99250,'2.7L','TWIN TURBO MPFI','70L','184Kw',5,'5ATip','4D WAGON','AWD','2760mm','Sports'),(15323,'AUDI','A3','1.6',2003,35400,'1.6L','MULTI POINT F/INJ','55L','75Kw',5,'5M','5D HATCHBACK','FWD','2512mm','City'),(15324,'AUDI','S3','1.8',2000,65850,'1.8L','TURBO MPFI','62L','154Kw',5,'6M','3D HATCHBACK','AWD','2519mm','City'),(15325,'AUDI','A3','8P SPORTBACK 2.0 TDI AMBITION DSG',2006,47750,'2.0L','DIESEL TURBO F/INJ','55L','103Kw',5,'6ADSG','5D HATCHBACK','FWD','2578mm','City'),(15326,'AUDI','A3','1.8',1999,42450,'1.8L','MULTI POINT F/INJ','55L','92Kw',5,'4A','3D HATCHBACK','FWD','2512mm','City'),(15327,'AUDI','A3','1.8 TURBO',2004,44950,'1.8L','TURBO MPFI','55L','110Kw',5,'5M','5D HATCHBACK','FWD','2512mm','City'),(15328,'AUDI','TT','QUATTRO',2004,92500,'1.8L','TURBO MPFI','62L','165Kw',2,'6M','2D ROADSTER','AWD','2429mm','Sports'),(15329,'AUDI','A3','1.8',2002,38700,'1.8L','MULTI POINT F/INJ','55L','92Kw',5,'5M','5D HATCHBACK','FWD','2512mm','City'),(15330,'AUDI','A6','4B 2.4 V6',2003,80900,'2.4L','MULTI POINT F/INJ','70L','125Kw',5,'CVTM6','4D SEDAN','FWD','2749mm','Long Distance'),(15340,'SAAB','9-Mar','MY07 LINEAR SPORT 1.9TiD SPORTCOMBI',2007,53400,'1.9L','TURBO MPFI','58L','110Kw',5,'5A','4D WAGON','FWD','2675mm','City'),(15341,'SAAB','9-May','SE',2000,67986,'2.3L','TURBO MPFI','75L','125Kw',5,'4A','4D SEDAN','FWD','2703mm','Long Distance'),(15342,'SAAB','9-Mar','MY04 ARC 2.0T',2004,56400,'2.0L','TURBO MPFI','62L','129Kw',5,'5A','4D SEDAN','FWD','2675mm','City'),(15343,'SAAB','9-Mar','MY02 AERO',2002,64575,'2.0L','TURBO MPFI','68L','151Kw',5,'4A','5D HATCHBACK','FWD','2605mm','Sports'),(15344,'SAAB','9-May','MY04 AERO',2004,84900,'2.3L','TURBO MPFI','75L','184Kw',5,'5AST','4D SEDAN','FWD','2703mm','Sports'),(15345,'SAAB','900','SE 2.5 V6',1996,63900,'2.5L','MULTI POINT F/INJ','68L','125Kw',5,'4A','5D HATCHBACK','FWD','2600mm','City'),(15346,'SAAB','9-Mar','MY03 TURBO 2.0t LTD ED',2003,73000,'2.0L','TURBO MPFI','68L','110Kw',5,'4A','2D CONVERTIBLE','FWD','2605mm','City'),(15347,'SAAB','9000','CS ANNIVERSARY',1998,54900,'2.3L','TURBO EFI','66L','125Kw',5,'4A','4D HATCHBACK','FWD','2672mm','Long DIstance'),(15348,'SAAB','900','S 2.5 V6',1994,45900,'2.5L','MULTI POINT F/INJ','68L','125Kw',5,'5M','5D HATCHBACK','FWD','2600mm','City'),(15349,'SAAB','9-May','MY01 S',2001,64000,'2.3L','TURBO MPFI','75L','136Kw',5,'4A','4D SEDAN','FWD','2703mm','Long Distance'),(15350,'SAAB','9-Mar','MY05 AERO',2005,93000,'2.0L','TURBO MPFI','62L','155Kw',4,'5ASEN','2D CONVERTIBLE','FWD','2675mm','Sports'),(15357,'SAAB','9000','CSE',1994,79200,'2.3L','TURBO EFI','66L','147Kw',5,'4A','4D HATCHBACK','FWD','2672mm','Sports'),(15360,'SAAB','9-Mar','AERO',2000,80887,'2.0L','TURBO MPFI','64L','158Kw',5,'5M','2D CONVERTIBLE','FWD','2605mm','Sports'),(15361,'SAAB','9-Mar','S',2001,63885,'2.0L','TURBO MPFI','68L','113Kw',4,'5M','2D CONVERTIBLE','FWD','2605mm','City'),(15362,'SAAB','9-Mar','MY04 AERO 2.0t',2004,67900,'2.0L','TURBO MPFI','62L','155Kw',5,'6M','4D SEDAN','FWD','2675mm','City'),(15363,'SAAB','9000','CS',1997,52000,'2.3L','TURBO EFI','66L','125Kw',5,'4A','4D HATCHBACK','FWD','2672mm','City'),(15364,'SAAB','9000','CS',1996,50400,'2.3L','TURBO EFI','66L','125Kw',5,'4A','4D HATCHBACK','FWD','2672mm','City'),(15365,'SAAB','9-Mar','S',2000,65985,'2.0L','TURBO MPFI','68L','113Kw',4,'4A','2D CONVERTIBLE','FWD','2605mm','City'),(15366,'SAAB','9-Mar','SE',1999,62000,'2.0L','TURBO MPFI','68L','136Kw',5,'4A','5D SEDAN','FWD','2605mm','City'),(15367,'SAAB','9000','CD 16',1993,46990,'2.3L','ELECTRONIC F/INJ','66L','108Kw',5,'4A','4D SEDAN','FWD','2672mm','City'),(15368,'MAZDA','929','DELUXE',1987,23010,'2.0L','MULTI POINT F/INJ','60L','70Kw',5,'5M','4D SEDAN','RWD','2615mm','Liesure'),(15369,'MAZDA','929','LUXURY',1986,29600,'2.0L','MULTI POINT F/INJ','60L','70Kw',5,'4A','2D HARDTOP','RWD','2615mm','City'),(15400,'HONDA','ACCORD','40 VTi',2005,29990,'2.4L','MULTI POINT F/INJ','65L','118Kw',5,'5A','4D SEDAN','FWD','2740mm','City');
/*!40000 ALTER TABLE `cars` ENABLE KEYS */;
UNLOCK TABLES;

--
-- Table structure for table `customers`
--

DROP TABLE IF EXISTS `customers`;
/*!40101 SET @saved_cs_client     = @@character_set_client */;
/*!40101 SET character_set_client = utf8 */;
CREATE TABLE `customers` (
  `Customer_ID` int(11) NOT NULL,
  `Customer_Name` char(255) DEFAULT NULL,
  `Customer_Phone` varchar(255) DEFAULT NULL,
  `Customer_Address` varchar(255) DEFAULT NULL,
  `Customer_Birthday` date DEFAULT NULL,
  `Customer_Occupation` varchar(255) DEFAULT NULL,
  `Customer_Gender` char(1) DEFAULT NULL,
  PRIMARY KEY (`Customer_ID`)
) ENGINE=InnoDB DEFAULT CHARSET=latin1;
/*!40101 SET character_set_client = @saved_cs_client */;

--
-- Dumping data for table `customers`
--

LOCK TABLES `customers` WRITE;
/*!40000 ALTER TABLE `customers` DISABLE KEYS */;
INSERT INTO `customers` VALUES (0,'','','','0000-00-00','',''),(11010,'Jacquelyn S','1 (11) 543 535-016*','800 Corrinne Court','1968-02-16','Labour','M'),(11011,'Curtis L','1 (11) 543 535-011*','224 Shoenic','1967-11-14','Labour','M'),(11012,'Lauren W','717-535-016*','785 Scott Street','1972-01-07','Labour','F'),(11013,'Ian J','817-535-018*','902 Hudson Ave','1972-08-16','Labour','M'),(11014,'Sydney B','431-535-015*','7011 Tank Drive','1972-05-08','Labour','M'),(11015,'Chloe Y','208-535-014*','44 Willow Pass Road','1983-02-27','Labour','F'),(11016,'Wyatt H','135-535-017*','666 Northridge Ct','1983-04-07','Labour','M'),(11017,'Shannon W','1 (11) 543 535-019*','330 Saddlehill Lane','1948-06-26','Labour','M'),(11018,'Clarence R','1 (11) 543 535-013*','44 Rivewview','1948-10-19','Labour','F'),(11019,'Luke L','262-535-011*','832 Landing Dr','1982-03-17','Labour','M'),(11050,'Alan Z','1 (11) 543 535-013*','741 Gainborough Dr','1955-09-17','Labour','F'),(11051,'Daniel J','1 (11) 543 535-015*','85 Sunnyvale Avenue','1955-08-14','Labour','F'),(11052,'Heidi L','1 (11) 543 535-016*','514 Via Cordona','1955-08-17','Labour','F'),(11053,'Ana P','859-535-011*','660 Stonyhill Circle','1984-08-20','Labour','M'),(11054,'Deanna M','1 (11) 543 535-019*','825 B Way','1956-03-20','Labour','M'),(11055,'Gilbert R','1 (11) 543 535-012*','811 The Trees Dr','1956-03-15','Labour','F'),(11056,'Michele N','1 (11) 543 535-017*','464 Janin Pl','1957-04-13','Labour','M'),(11057,'Carl A','1 (11) 543 535-018*','930 Lake Nadine Place','1957-10-22','Labour','F'),(11058,'Marc D','1 (11) 543 535-014*','645 Sinaloa','1958-04-27','Labour','F'),(11059,'Ashlee A','1 (11) 543 535-011*','255 Highland Road','1958-04-11','Labour','F'),(11111,'Meredith G','1 (11) 543 535-017*','610 Northridge Ct','1966-02-23','Labour','M'),(11112,'Crystal W','1 (11) 543 535-013*','773 Kirkwood Dr','1966-09-19','Labour','F'),(11113,'Micheal B','1 (11) 543 535-013*','96 Marfargoa Drive','1966-02-21','Labour','M'),(11114,'Leslie M','1 (11) 543 535-011*','941 Cristobal','1966-05-07','Labour','M'),(11115,'Alvin C','1 (11) 543 535-019*','759 Azalea Avenue','1966-02-22','Labour','M'),(11116,'Clinton C','1 (11) 543 535-018*','943 Cunha Ct','1966-10-17','Labour','M'),(11117,'April D','1 (11) 543 535-018*','85 Ash Lane','1965-02-21','Labour','F'),(11119,'Evan J','1 (11) 543 535-018*','157 Sierra Ridge','1939-04-20','Retiree','F'),(11150,'Russell S','1 (11) 543 535-019*','755 Easley Drive','1945-03-25','Retiree','F'),(11151,'Melinda G','1 (11) 543 535-011*','05 Rainier Dr','1946-02-25','Labour','F'),(11152,'James W','355-535-015*','827 Seagull Court','1980-01-20','Labour','F'),(11153,'Angela J','847-535-011*','877 Weatherly Drive','1980-06-23','Labour','F'),(11154,'Megan W','918-535-018*','898 Holiday Hills','1980-08-21','Labour','F'),(11155,'Hunter R','891-535-012*','356 Mori Court','1980-01-26','Labour','F'),(11156,'Maria R','158-535-019*','452 Mariposa Ct','1980-02-17','Labour','M'),(11157,'Hannah L','974-535-017*','832 Preston Ct','1979-06-21','Labour','M'),(11158,'Jason W','694-535-017*','771 Bundros Court','1979-10-18','Labour','F'),(11159,'Brianna H','319-535-018*','793 Bonifacio St','1979-09-27','Labour','F'),(11210,'Edward W','229-535-011*','039 Adelaide St','1952-06-18','Researcher','M'),(11213,'Stephanie M','293-535-015*','514 Grant Street','1953-05-24','Researcher','M'),(11214,'Charles M','389-535-011*','719 Little Dr','1953-11-17','Researcher','F'),(11215,'Ana P','446-535-013*','114 Arlington Way','1954-06-21','Researcher','M'),(11216,'Jasmine T','939-535-013*','328 San Francisco','1954-05-20','Researcher','F'),(11217,'Natalie A','300-535-015*','592 Bent Tree Lane','1954-02-21','Researcher','F'),(11218,'Olivia B','414-535-014*','964 Stony Hill Circle','1954-09-21','Researcher','M'),(11219,'Charles C','755-535-011*','871 Bel Air Dr','1954-12-12','Researcher','F'),(11250,'Shannon L','1 (11) 543 535-011*','185 Keywood Ct','1959-03-22','Manager','F'),(11251,'Xavier L','243-535-011*','245 Dantley Way','1936-07-14','Retiree','M'),(11252,'Nicholas T','377-535-014*','04 O St','1936-06-17','Retiree','M'),(11253,'Jos H','712-535-013*','703 Donald Dr','1937-02-07','Retiree','M'),(11254,'Johnathan V','494-535-016*','430 Versailles Pl','1937-03-13','Retiree','M'),(11255,'Colin L','599-535-013*','083 San Jose','1937-04-14','Retiree','F'),(11256,'Katelyn H','249-535-011*','496 Deerfield Dr','1937-09-20','Retiree','M'),(11257,'Jacqueline P','796-535-011*','076 Northwood Dr','1937-01-16','Retiree','F'),(11258,'Xavier H','559-535-014*','707 Virgil Street','1937-06-07','Retiree','F'),(11259,'Victoria S','230-535-013*','623 Barquentine Court','1969-03-27','Manager','M'),(11310,'Erin S','233-535-016*','541 Black Point Pl','1957-07-19','Manager','M'),(11311,'Gabrielle L','783-535-017*','619 Parkside Dr','1957-08-24','Manager','F'),(11312,'Sara R','296-535-017*','375 Kipling Court','1957-04-13','Manager','M'),(11313,'Trevor J','120-535-012*','697 Yosemite Dr','1957-02-27','Manager','F'),(11314,'Mya F','522-535-014*','439 Rio Grande Drive','1957-12-21','Manager','F'),(11315,'Hailey W','767-535-015*','321 Maya','1957-10-11','Manager','F'),(11316,'Luke A','786-535-013*','19 Deermeadow Way','1957-11-27','Manager','F'),(11317,'Victoria R','663-535-019*','268 Keller Ridge','1956-09-27','Manager','M'),(11318,'Jessica W','702-535-018*','652 Willcrest Circle','1956-10-26','Manager','M'),(11319,'Jade B','819-535-016*','119 Northridge Ct','1941-04-27','Retiree','F'),(11350,'Cara Z','1 (11) 543 535-011*','280 Greendell Pl','1941-01-24','Retiree','M'),(11351,'Anne R','1 (11) 543 535-014*','113 Eastgate Ave','1943-04-16','Retiree','M'),(11352,'Raymond R','1 (11) 543 535-013*','4 impasse Ste-Madeleine','1944-03-17','Retiree','F'),(11353,'Carrie O','1 (11) 543 535-011*','883 Cowell Rd','1945-06-21','Retiree','M'),(11354,'Deanna S','1 (11) 543 535-014*','','1946-02-23','Manager','M'),(11355,'Roberto G','1 (11) 543 535-012*','545 Chickpea Ct','1946-12-07','Manager','M'),(11356,'Terrence C','1 (11) 543 535-018*','613 Thornhill Place','1984-05-27','Manager','F'),(11357,'Ramon Y','1 (11) 543 535-014*','245 Vista Oak Dr','1983-03-23','Manager','M'),(11358,'Cynthia M','1 (11) 543 535-018*','757 Pamplona Ct','1982-11-21','Manager','F'),(11359,'Jarrod P','1 (11) 543 535-015*','657 H St','1982-09-14','Manager','M'),(11410,'Maurice G','1 (11) 543 535-017*','5 avenue de la Gare','1972-08-25','Manager','M'),(11411,'Devin R','1 (11) 543 535-017*','','1958-02-22','Manager','M'),(11412,'Sydney B','1 (11) 543 535-015*','','1958-04-19','Manager','M'),(11413,'Megan S','1 (11) 543 535-011*','192 Seagull Court','1958-04-25','Manager','F'),(11414,'Ian R','1 (11) 543 535-011*','26 W. Buchanan Rd','1958-03-07','Manager','M'),(11415,'Randy S','1 (11) 543 535-014*','','1948-06-15','Manager','M'),(11416,'Katrina B','1 (11) 543 535-015*','205 rue Malar','1949-03-29','Manager','F'),(11417,'Lacey Z','1 (11) 543 535-017*','','1949-02-26','Manager','F'),(11418,'Rafael H','1 (11) 543 535-015*','','1949-02-19','Manager','M'),(11419,'Kyle S','1 (11) 543 535-017*','381 Alpine Rd','1949-02-07','Manager','M'),(11459,'Tasha D','1 (11) 543 535-017*','627 Kendall Rd','1976-10-23','Nurse','M'),(11510,'Seth R','199-535-014*','989 Concord Ave','1957-07-23','Nurse','M'),(11511,'Caleb P','786-535-013*','324 Cherry Street','1957-06-24','Nurse','F'),(11512,'Natalie C','178-535-014*','481 Broadmoor Drive','1958-08-23','Nurse','M'),(11513,'Alyssa H','805-535-018*','780 Conifer Terrace','1958-09-27','Nurse','M'),(11514,'Dalton D','994-535-015*','033 Danesta Dr','1958-04-20','Nurse','F'),(11515,'Shannon H','458-535-011*','679 Duke Way','1958-02-25','Nurse','F'),(11516,'Mya G','211-535-011*','826 Fine Drive','1958-10-21','Nurse','F'),(11517,'Katherine B','802-535-013*','761 Dancing Court','1958-06-20','Nurse','F'),(11518,'Edward W','446-535-017*','747 Carmel Dr','1959-05-20','Nurse','F'),(11519,'Jerome N','934-535-019*','537 Ridgewood Drive','1959-03-27','Nurse','M'),(11535,'Alexandria H','1 (11) 543 535-018*','1 rue de la Cavalerie','1930-07-18','Retiree','M'),(11550,'Deb T','1 (11) 543 535-012*','553 Harness Circle','1972-08-18','Nurse','M'),(11551,'Shannon A','1 (11) 543 535-015*','','1971-05-25','Nurse','F'),(11552,'Eddie R','1 (11) 543 535-015*','','1971-05-27','Nurse','M'),(11553,'Sharon L','1 (11) 543 535-011*','804 Coldwater Drive','1971-09-19','Nurse','F'),(11554,'Sydney S','1 (11) 543 535-019*','','1930-09-07','Retiree','F'),(11556,'Lucas E','1 (11) 543 535-015*','663 A St','1971-05-24','Nurse','M'),(11557,'Felicia R','1 (11) 543 535-019*','557 Steven Circle','1971-01-25','Nurse','M'),(11558,'Ivan M','1 (11) 543 535-019*','086 Nottingham Place','1971-08-22','Nurse','M'),(11559,'Frederick S','1 (11) 543 535-011*','','1971-12-26','Nurse','M');
/*!40000 ALTER TABLE `customers` ENABLE KEYS */;
UNLOCK TABLES;

--
-- Table structure for table `orders`
--

DROP TABLE IF EXISTS `orders`;
/*!40101 SET @saved_cs_client     = @@character_set_client */;
/*!40101 SET character_set_client = utf8 */;
CREATE TABLE `orders` (
  `Order_ID` int(11) NOT NULL,
  `Customer_ID` int(11) DEFAULT NULL,
  `Car_ID` int(11) DEFAULT NULL,
  `Order_CreateDate` date DEFAULT NULL,
  `Order_PickupDate` date DEFAULT NULL,
  `Order_PickupStore` int(11) DEFAULT NULL,
  `Order_ReturnDate` date DEFAULT NULL,
  `Order_ReturnStore` int(11) DEFAULT NULL,
  PRIMARY KEY (`Order_ID`),
  KEY `Customer_ID` (`Customer_ID`),
  KEY `Car_ID` (`Car_ID`),
  KEY `Order_PickupStore` (`Order_PickupStore`),
  CONSTRAINT `orders_ibfk_1` FOREIGN KEY (`Customer_ID`) REFERENCES `customers` (`Customer_ID`),
  CONSTRAINT `orders_ibfk_2` FOREIGN KEY (`Car_ID`) REFERENCES `cars` (`Car_ID`),
  CONSTRAINT `orders_ibfk_3` FOREIGN KEY (`Order_PickupStore`) REFERENCES `stores` (`Order_PickupStore`)
) ENGINE=InnoDB DEFAULT CHARSET=latin1;
/*!40101 SET character_set_client = @saved_cs_client */;

--
-- Dumping data for table `orders`
--

LOCK TABLES `orders` WRITE;
/*!40000 ALTER TABLE `orders` DISABLE KEYS */;
INSERT INTO `orders` VALUES (3,11014,14806,'2005-07-03','2005-07-03',3,'2005-07-11',16),(4,11012,14816,'2005-07-04','2005-07-04',12,'2005-07-09',8),(5,11011,14810,'2005-07-05','2005-07-05',5,'2005-07-10',5),(6,11011,14812,'2005-07-06','2005-07-09',6,'2005-07-15',25),(7,11014,14814,'2005-07-07','2005-07-07',7,'2005-07-15',14),(8,11016,14816,'2005-07-08','2005-07-09',8,'2005-07-16',29),(9,11014,14818,'2005-07-09','2005-07-09',9,'2005-07-18',18),(11,11059,14811,'2005-07-11','2005-07-11',11,'2005-07-16',13),(12,11017,14812,'2005-07-12','2005-07-15',25,'2005-08-13',25),(14,11055,14814,'2005-07-14','2005-07-15',14,'2005-07-19',14),(15,11056,14815,'2005-07-15','2005-07-15',15,'2005-07-24',15),(16,11052,14816,'2005-07-16','2005-07-16',29,'2005-08-17',29),(17,11011,14817,'2005-07-17','2005-07-17',17,'2005-07-22',50),(18,11055,14818,'2005-07-18','2005-07-18',18,'2005-07-23',18),(19,11017,14819,'2005-07-19','2005-07-20',14,'2005-08-10',14),(20,11052,14835,'2005-07-20','2005-07-23',15,'2005-08-04',35),(22,11018,14839,'2005-07-22','2005-07-22',17,'2005-08-08',39),(23,11015,14838,'2005-07-23','2005-07-23',15,'2005-08-07',25),(24,11018,14843,'2005-07-24','2005-07-27',19,'2005-08-12',19),(25,11016,14850,'2005-07-25','2005-07-25',25,'2005-08-14',5),(26,11018,14847,'2005-07-26','2005-07-29',21,'2005-08-14',21),(27,11051,14846,'2005-07-27','2005-07-27',19,'2005-08-12',3),(29,11016,14858,'2005-07-29','2005-07-29',29,'2005-08-18',9),(30,11016,14860,'2005-07-30','2005-07-30',30,'2005-08-20',10),(31,11012,14831,'2005-07-31','2005-07-31',21,'2005-08-24',24),(32,11015,14832,'2005-08-01','2005-08-04',21,'2005-08-06',21),(33,11019,14833,'2005-08-02','2005-08-02',33,'2005-08-07',15),(34,11057,14834,'2005-08-03','2005-08-03',21,'2005-08-24',21),(35,11056,14835,'2005-08-04','2005-08-04',35,'2005-08-13',35),(36,11057,14836,'2005-08-05','2005-08-05',23,'2005-08-26',23),(37,11013,14837,'2005-08-06','2005-08-06',37,'2005-08-15',37),(38,11012,14838,'2005-08-07','2005-08-07',25,'2005-08-28',25),(39,11014,14839,'2005-08-08','2005-08-08',39,'2005-08-16',9),(40,11013,14880,'2005-08-09','2005-08-10',40,'2005-09-21',15),(41,11016,14842,'2005-08-10','2005-08-10',1,'2005-08-19',1),(42,11015,14855,'2005-08-11','2005-08-14',13,'2005-08-16',13),(43,11059,14846,'2005-08-12','2005-08-12',3,'2005-08-17',10),(44,11051,14859,'2005-08-13','2005-08-16',15,'2005-08-28',19),(45,11053,14850,'2005-08-14','2005-08-14',5,'2005-08-23',5),(46,11051,14863,'2005-08-15','2005-08-15',17,'2005-09-01',23),(47,11053,14854,'2005-08-16','2005-08-16',7,'2005-08-24',14),(48,11017,14870,'2005-08-17','2005-08-18',22,'2005-09-08',30),(49,11053,14858,'2005-08-18','2005-08-18',9,'2005-08-27',18),(50,11050,14860,'2005-08-19','2005-08-20',10,'2005-08-29',11),(51,11015,14851,'2005-08-20','2005-08-21',22,'2005-08-25',22),(52,11015,14852,'2005-08-21','2005-08-21',23,'2005-09-07',16),(53,11018,14853,'2005-08-22','2005-08-22',9,'2005-09-10',9),(54,11053,14854,'2005-08-23','2005-08-24',14,'2005-09-12',14),(55,11012,14831,'2005-08-24','2005-08-24',24,'2005-09-15',24),(56,11019,14856,'2005-08-25','2005-08-26',16,'2005-09-10',14),(57,11018,14857,'2005-08-26','2005-08-26',13,'2005-09-14',13),(58,11011,14858,'2005-08-27','2005-08-27',18,'2005-09-12',18),(59,11019,14859,'2005-08-28','2005-08-28',19,'2005-09-13',9),(60,11012,14860,'2005-08-29','2005-08-29',11,'2005-09-10',11),(61,11054,14861,'2005-08-30','2005-08-30',17,'2005-09-18',21),(63,11053,14863,'2005-09-01','2005-09-01',23,'2005-09-10',23),(64,11052,14864,'2005-09-02','2005-09-02',17,'2005-09-23',17),(65,11054,14865,'2005-09-03','2005-09-03',18,'2005-09-11',25),(66,11056,14866,'2005-09-04','2005-09-05',26,'2005-09-13',26),(67,11011,14867,'2005-09-05','2005-09-05',27,'2005-09-10',27),(68,11057,14852,'2005-09-06','2005-09-07',16,'2005-09-07',17),(69,11057,14852,'2005-09-07','2005-09-07',17,'2005-09-28',17),(70,11055,14870,'2005-09-08','2005-09-08',30,'2005-09-13',30),(71,11011,14871,'2005-09-09','2005-09-09',31,'2005-09-14',31),(72,11010,14872,'2005-09-10','2005-09-11',32,'2005-10-01',21),(73,11015,14873,'2005-09-11','2005-09-11',23,'2005-09-16',23),(74,11015,14874,'2005-09-12','2005-09-15',24,'2005-09-17',24),(75,11017,14875,'2005-09-13','2005-09-14',28,'2005-10-14',28),(76,11015,14876,'2005-09-14','2005-09-15',26,'2005-09-19',26),(77,11013,14877,'2005-09-15','2005-09-15',37,'2005-09-24',37),(78,11014,14878,'2005-09-16','2005-09-17',38,'2005-09-24',13),(79,11014,14879,'2005-09-17','2005-09-17',39,'2005-09-25',14),(80,11017,14880,'2005-09-18','2005-09-21',15,'2005-10-19',15),(81,11051,14881,'2005-09-19','2005-09-19',13,'2005-09-24',13),(82,11057,14882,'2005-09-20','2005-09-20',12,'2005-10-11',12),(83,11055,14883,'2005-09-21','2005-09-21',3,'2005-09-26',3),(84,11010,14884,'2005-09-22','2005-09-23',4,'2005-10-10',4),(85,11052,14885,'2005-09-23','2005-09-24',20,'2005-10-14',20),(86,11054,14886,'2005-09-24','2005-09-27',21,'2005-10-12',6),(87,11058,14887,'2005-09-25','2005-09-25',7,'2005-10-13',7),(88,11052,14888,'2005-09-26','2005-09-26',23,'2005-10-17',23),(89,11051,14889,'2005-09-27','2005-09-27',21,'2005-10-12',21),(90,11057,14890,'2005-09-28','2005-09-29',20,'2005-10-19',20),(91,11014,14891,'2005-09-29','2005-09-29',11,'2005-10-17',10),(92,11015,14892,'2005-09-30','2005-09-30',24,'2005-10-15',24),(93,11012,14872,'2005-10-01','2005-10-01',21,'2005-10-07',26),(94,11051,14894,'2005-10-02','2005-10-02',24,'2005-10-07',24),(95,11015,14895,'2005-10-03','2005-10-03',25,'2005-10-08',25),(96,11051,14896,'2005-10-04','2005-10-05',26,'2005-10-09',26),(97,11014,14897,'2005-10-05','2005-10-05',17,'2005-10-13',14),(98,11012,14872,'2005-10-06','2005-10-07',26,'2005-10-27',26),(99,11017,14899,'2005-10-07','2005-10-08',14,'2005-10-28',14),(100,11016,14900,'2005-10-08','2005-10-09',20,'2005-10-17',20),(101,11113,14901,'2005-10-09','2005-10-09',21,'2005-10-18',21),(102,11114,14902,'2005-10-10','2005-10-10',17,'2005-10-18',22),(103,11114,14903,'2005-10-11','2005-10-11',18,'2005-10-22',10),(104,11116,14904,'2005-10-12','2005-10-15',24,'2005-10-21',24),(105,11115,14905,'2005-10-13','2005-10-13',25,'2005-10-18',25),(106,11112,14906,'2005-10-14','2005-10-14',21,'2005-10-25',10),(107,11113,14907,'2005-10-15','2005-10-15',27,'2005-10-24',27),(108,11111,14908,'2005-10-16','2005-10-17',20,'2005-10-21',20),(109,11119,14909,'2005-10-17','2005-10-17',29,'2005-10-22',15),(110,11112,14910,'2005-10-18','2005-10-21',25,'2005-11-19',25),(111,11117,14911,'2005-10-19','2005-10-19',21,'2005-11-10',21),(112,11119,14912,'2005-10-20','2005-10-21',32,'2005-10-25',10),(113,11114,14903,'2005-10-21','2005-10-22',10,'2005-10-26',14),(114,11111,14914,'2005-10-22','2005-10-23',26,'2005-10-27',26),(115,11115,14915,'2005-10-23','2005-10-23',35,'2005-10-28',35),(116,11111,14906,'2005-10-24','2005-10-25',10,'2005-11-08',25),(117,11114,14903,'2005-10-25','2005-10-26',14,'2005-10-26',15),(118,11112,14903,'2005-10-26','2005-10-26',15,'2005-10-28',16),(119,11114,14903,'2005-10-27','2005-10-28',16,'2005-11-15',39),(120,11117,14920,'2005-10-28','2005-10-28',12,'2005-11-10',13),(121,11114,14921,'2005-10-29','2005-10-29',18,'2005-11-17',1),(122,11158,14922,'2005-10-30','2005-10-30',2,'2005-11-18',2),(123,11116,14923,'2005-10-31','2005-10-31',3,'2005-11-12',9),(124,11111,14924,'2005-11-01','2005-11-01',15,'2005-11-12',10),(125,11116,14925,'2005-11-02','2005-11-02',5,'2005-11-11',5),(126,11112,14926,'2005-11-03','2005-11-04',20,'2005-11-24',20),(127,11115,14927,'2005-11-04','2005-11-04',7,'2005-11-28',24),(128,11158,14928,'2005-11-05','2005-11-06',8,'2005-11-13',8),(129,11159,14929,'2005-11-06','2005-11-07',20,'2005-12-01',25),(130,11114,14930,'2005-11-07','2005-11-07',24,'2005-11-15',10),(131,11157,14906,'2005-11-08','2005-11-08',25,'2005-11-14',31),(132,11156,14923,'2005-11-09','2005-11-12',9,'2005-11-15',15),(133,11158,14920,'2005-11-10','2005-11-10',13,'2005-11-14',16),(134,11114,14924,'2005-11-11','2005-11-12',10,'2005-11-12',11),(135,11150,14924,'2005-11-12','2005-11-12',11,'2005-12-10',28),(136,11119,14920,'2005-11-13','2005-11-14',16,'2005-11-16',19),(137,11157,14906,'2005-11-14','2005-11-14',31,'2005-12-15',31),(138,11156,14923,'2005-11-15','2005-11-15',15,'2005-11-24',15),(139,11151,14920,'2005-11-16','2005-11-16',19,'2005-12-06',36),(140,11155,14940,'2005-11-17','2005-11-18',20,'2005-11-22',20),(141,11154,14941,'2005-11-18','2005-11-18',21,'2005-12-10',12),(142,11152,14942,'2005-11-19','2005-11-19',18,'2005-12-10',18),(143,11154,14943,'2005-11-20','2005-11-20',23,'2005-12-02',12),(144,11153,14944,'2005-11-21','2005-11-24',21,'2005-12-06',14),(145,11116,14945,'2005-11-22','2005-11-22',25,'2005-12-11',25),(146,11155,14946,'2005-11-23','2005-11-24',26,'2005-11-28',26),(147,11117,14947,'2005-11-24','2005-11-24',18,'2005-12-05',10),(148,11119,14948,'2005-11-25','2005-11-26',28,'2005-12-10',11),(149,11153,14949,'2005-11-26','2005-11-27',26,'2005-12-15',26),(150,11154,14950,'2005-11-27','2005-11-27',30,'2005-12-15',30),(151,11111,14927,'2005-11-28','2005-11-28',24,'2005-12-13',24),(152,11157,14924,'2005-11-29','2005-11-29',28,'2005-12-10',28),(153,11153,14941,'2005-11-30','2005-11-30',12,'2005-12-19',12),(154,11111,14929,'2005-12-01','2005-12-01',25,'2005-12-06',25),(155,11156,14943,'2005-12-02','2005-12-02',12,'2005-12-07',16),(156,11155,14920,'2005-12-03','2005-12-06',36,'2005-12-08',36),(157,11159,14947,'2005-12-04','2005-12-05',10,'2005-12-09',12),(158,11157,14944,'2005-12-05','2005-12-06',14,'2005-12-08',17),(159,11156,14943,'2005-12-06','2005-12-07',16,'2005-12-07',17),(160,11153,14943,'2005-12-07','2005-12-07',17,'2005-12-11',20),(161,11152,14944,'2005-12-08','2005-12-08',17,'2005-12-12',20),(162,11154,14967,'2005-12-09','2005-12-10',2,'2006-01-03',26),(163,11156,14943,'2005-12-10','2005-12-11',20,'2005-12-15',25),(164,11150,14944,'2005-12-11','2005-12-12',20,'2005-12-18',27),(165,11158,14960,'2005-12-12','2005-12-12',5,'2005-12-22',15),(166,11154,14961,'2005-12-13','2005-12-13',6,'2005-12-19',9),(167,11154,14962,'2005-12-14','2005-12-14',7,'2005-12-24',14),(168,11156,14943,'2005-12-15','2005-12-15',25,'2005-12-24',25),(169,11158,14964,'2005-12-16','2005-12-16',9,'2005-12-24',9),(170,11156,14961,'2005-12-17','2005-12-20',9,'2005-12-19',11),(171,11157,14944,'2005-12-18','2005-12-18',27,'2005-12-20',29),(172,11156,14961,'2005-12-19','2005-12-19',11,'2006-01-11',22),(173,11152,14944,'2005-12-20','2005-12-20',29,'2006-01-11',29),(174,11158,14969,'2005-12-21','2005-12-22',14,'2006-01-01',25),(175,11158,14960,'2005-12-22','2005-12-22',15,'2006-01-10',15),(176,11157,14962,'2005-12-23','2005-12-24',14,'2005-12-24',15),(177,11152,14962,'2005-12-24','2005-12-24',15,'2005-12-26',16),(178,11152,14962,'2005-12-25','2005-12-26',16,'2005-12-26',17),(179,11152,14962,'2005-12-26','2005-12-26',17,'2005-12-28',20),(180,11155,14962,'2005-12-27','2005-12-28',20,'2006-01-10',20),(181,11154,14966,'2005-12-28','2005-12-28',21,'2006-01-03',21),(182,11157,14962,'2005-12-29','2005-12-29',20,'2006-01-15',38),(183,11156,14961,'2005-12-30','2005-12-30',22,'2006-01-06',30),(184,11159,14965,'2005-12-31','2005-12-31',19,'2006-01-16',15),(185,11158,14969,'2006-01-01','2006-01-01',25,'2006-01-05',28),(186,11151,14967,'2006-01-02','2006-01-03',26,'2006-01-06',22),(187,11153,14966,'2006-01-03','2006-01-03',21,'2006-01-12',21),(188,11151,14969,'2006-01-04','2006-01-05',28,'2006-01-09',28),(189,11157,14967,'2006-01-05','2006-01-06',22,'2006-01-07',24),(190,11151,14961,'2006-01-06','2006-01-06',30,'2006-01-11',30),(191,11152,14967,'2006-01-07','2006-01-07',24,'2006-01-10',26),(192,11151,14963,'2006-01-08','2006-01-09',32,'2006-01-13',32),(193,11157,14967,'2006-01-09','2006-01-10',26,'2006-01-12',28),(194,11150,14985,'2006-01-10','2006-01-13',9,'2006-01-12',11),(195,11152,14967,'2006-01-11','2006-01-12',28,'2006-02-12',28),(196,11150,14985,'2006-01-12','2006-01-12',11,'2006-01-13',12),(197,11150,14985,'2006-01-13','2006-01-13',12,'2006-01-21',12),(198,11158,14962,'2006-01-14','2006-01-15',38,'2006-01-22',38),(199,11156,14984,'2006-01-15','2006-01-15',15,'2006-01-24',15),(200,11154,15004,'2006-01-16','2006-01-17',40,'2006-01-21',4),(201,11250,15001,'2006-01-17','2006-01-17',1,'2006-02-03',18),(202,11259,15002,'2006-01-18','2006-01-19',2,'2006-01-23',11),(203,11258,15003,'2006-01-19','2006-01-19',18,'2006-02-11',12),(204,11256,15004,'2006-01-20','2006-01-21',4,'2006-01-29',13),(205,11251,15005,'2006-01-21','2006-01-21',5,'2006-01-27',11),(206,11259,15006,'2006-01-22','2006-01-25',6,'2006-02-11',9),(207,11253,15007,'2006-01-23','2006-01-23',7,'2006-02-12',7),(208,11258,15008,'2006-01-24','2006-01-24',23,'2006-02-24',38),(209,11253,15009,'2006-01-25','2006-01-25',9,'2006-02-02',16),(210,11251,15010,'2006-01-26','2006-01-27',10,'2006-02-11',10),(211,11254,15005,'2006-01-27','2006-01-27',11,'2006-02-11',14),(212,11251,15003,'2006-01-28','2006-01-28',12,'2006-02-24',39),(213,11259,15004,'2006-01-29','2006-01-29',13,'2006-02-14',14),(214,11251,15005,'2006-01-30','2006-01-30',14,'2006-02-18',32),(215,11255,15006,'2006-01-31','2006-01-31',9,'2006-02-20',28),(216,11254,15009,'2006-02-01','2006-02-02',16,'2006-02-18',24),(217,11250,15000,'2006-02-02','2006-02-02',17,'2006-02-10',17),(218,11250,15001,'2006-02-03','2006-02-03',18,'2006-02-16',31),(219,11257,14988,'2006-02-04','2006-02-04',31,'2006-02-25',31),(220,11251,15020,'2006-02-05','2006-02-06',20,'2006-02-10',20),(221,11257,15021,'2006-02-06','2006-02-06',15,'2006-02-27',15),(222,11251,15022,'2006-02-07','2006-02-08',22,'2006-02-12',22),(223,11253,15023,'2006-02-08','2006-02-08',23,'2006-02-17',23),(224,11256,15024,'2006-02-09','2006-02-12',24,'2006-03-10',29),(225,11258,15025,'2006-02-10','2006-02-10',19,'2006-02-18',19),(226,11252,15026,'2006-02-11','2006-02-11',15,'2006-03-12',15),(227,11256,15027,'2006-02-12','2006-02-12',27,'2006-02-21',27),(228,11256,15028,'2006-02-13','2006-02-14',28,'2006-02-22',28),(229,11259,15029,'2006-02-14','2006-02-14',29,'2006-02-19',11),(230,11252,15030,'2006-02-15','2006-02-18',19,'2006-03-16',19),(231,11251,15001,'2006-02-16','2006-02-16',31,'2006-02-21',31),(232,11254,15005,'2006-02-17','2006-02-18',32,'2006-02-25',10),(233,11255,15009,'2006-02-18','2006-02-18',24,'2006-02-20',35),(234,11217,15006,'2006-02-19','2006-02-20',28,'2006-02-22',31),(235,11256,15009,'2006-02-20','2006-02-20',35,'2006-02-28',35),(236,11252,15011,'2006-02-21','2006-02-24',25,'2006-03-12',25),(237,11217,15006,'2006-02-22','2006-02-22',31,'2006-03-13',31),(238,11251,15008,'2006-02-23','2006-02-24',38,'2006-02-28',38),(239,11256,15003,'2006-02-24','2006-02-24',39,'2006-03-13',39),(240,11219,15040,'2006-02-25','2006-02-28',13,'2006-03-15',18),(241,11219,15041,'2006-02-26','2006-02-27',14,'2006-03-12',15),(243,11213,15043,'2006-02-28','2006-02-28',20,'2006-03-08',11),(244,11218,15044,'2006-03-01','2006-03-02',4,'2006-04-05',39),(245,11215,15045,'2006-03-02','2006-03-02',5,'2006-03-20',18),(246,11217,15046,'2006-03-03','2006-03-04',22,'2006-03-28',30),(247,11218,15047,'2006-03-04','2006-03-04',7,'2006-03-12',12),(248,11216,15048,'2006-03-05','2006-03-05',25,'2006-03-20',22),(249,11214,15049,'2006-03-06','2006-03-06',9,'2006-03-24',27),(250,11219,15050,'2006-03-07','2006-03-07',23,'2006-03-12',11),(251,11259,15043,'2006-03-08','2006-03-08',11,'2006-03-14',17),(252,11254,15047,'2006-03-09','2006-03-12',12,'2006-03-13',9),(253,11257,15024,'2006-03-10','2006-03-10',29,'2006-04-11',29),(254,11210,15042,'2006-03-11','2006-03-14',12,'2006-03-18',20),(255,11256,15041,'2006-03-12','2006-03-12',15,'2006-03-16',19),(256,11252,15047,'2006-03-13','2006-03-13',9,'2006-03-19',14),(257,11256,15043,'2006-03-14','2006-03-14',17,'2006-03-23',17),(258,11251,15040,'2006-03-15','2006-03-15',18,'2006-03-24',24),(259,11259,15041,'2006-03-16','2006-03-16',19,'2006-03-24',26),(260,11259,15042,'2006-03-17','2006-03-18',20,'2006-04-10',31),(261,11252,15047,'2006-03-18','2006-03-19',14,'2006-04-10',32),(262,11253,15048,'2006-03-19','2006-03-20',22,'2006-04-03',37),(263,11255,15045,'2006-03-20','2006-03-20',18,'2006-03-23',20),(264,11256,15040,'2006-03-21','2006-03-24',24,'2006-03-26',28),(265,11255,15045,'2006-03-22','2006-03-23',20,'2006-03-26',24),(266,11250,15041,'2006-03-23','2006-03-24',26,'2006-04-11',26),(267,11251,15049,'2006-03-24','2006-03-24',27,'2006-03-29',27),(268,11259,15040,'2006-03-25','2006-03-26',28,'2006-04-01',35),(269,11255,15045,'2006-03-26','2006-03-26',24,'2006-04-11',24),(270,11253,15046,'2006-03-27','2006-03-27',30,'2006-03-28',31),(271,11254,15046,'2006-03-28','2006-03-28',31,'2006-04-12',34),(272,11254,15047,'2006-03-29','2006-03-29',32,'2006-04-05',36),(273,11257,15042,'2006-03-30','2006-03-30',31,'2006-04-11',31),(274,11251,15046,'2006-03-31','2006-03-31',34,'2006-04-16',34),(275,11256,15040,'2006-04-01','2006-04-01',35,'2006-04-10',35),(276,11259,15047,'2006-04-02','2006-04-05',36,'2006-04-07',15),(277,11259,15048,'2006-04-03','2006-04-03',37,'2006-04-08',8),(278,11255,15066,'2006-04-04','2006-04-04',12,'2006-04-15',22),(279,11256,15044,'2006-04-05','2006-04-05',39,'2006-04-14',39),(280,11257,15063,'2006-04-06','2006-04-06',17,'2006-04-13',24),(281,11251,15082,'2006-04-07','2006-04-07',1,'2006-05-13',37),(282,11256,15087,'2006-04-08','2006-04-09',2,'2006-04-17',2),(283,11252,15068,'2006-04-09','2006-04-09',15,'2006-04-11',17),(284,11254,15088,'2006-04-10','2006-04-11',4,'2006-04-19',13),(285,11252,15068,'2006-04-11','2006-04-11',17,'2006-05-12',17),(286,11256,15081,'2006-04-12','2006-04-12',6,'2006-04-19',9),(287,11258,15063,'2006-04-13','2006-04-13',24,'2006-04-16',26),(288,11255,15066,'2006-04-14','2006-04-15',22,'2006-04-19',22),(289,11258,15063,'2006-04-15','2006-04-16',26,'2006-04-23',31),(290,11258,15081,'2006-04-16','2006-04-19',9,'2006-04-24',17),(291,11250,15085,'2006-04-17','2006-04-17',11,'2006-05-07',31),(292,11251,15083,'2006-04-18','2006-04-18',12,'2006-05-15',39),(293,11256,15088,'2006-04-19','2006-04-19',13,'2006-04-23',17),(294,11257,15063,'2006-04-20','2006-04-23',31,'2006-05-11',31),(295,11255,15084,'2006-04-21','2006-04-21',11,'2006-04-26',11),(296,11254,15080,'2006-04-22','2006-04-23',16,'2006-04-25',19),(297,11259,15088,'2006-04-23','2006-04-23',17,'2006-04-28',12),(298,11257,15081,'2006-04-24','2006-04-24',17,'2006-05-15',17),(299,11259,15080,'2006-04-25','2006-04-25',19,'2006-05-10',14),(300,11253,15100,'2006-04-26','2006-04-27',20,'2006-05-15',20),(301,11355,15101,'2006-04-27','2006-04-27',21,'2006-05-08',11),(302,11359,15102,'2006-04-28','2006-04-29',22,'2006-05-13',10),(303,11351,15103,'2006-04-29','2006-04-29',19,'2006-05-14',19),(304,11350,15104,'2006-04-30','2006-04-30',24,'2006-05-12',12),(305,11353,15105,'2006-05-01','2006-05-01',25,'2006-05-10',25),(306,11354,15106,'2006-05-02','2006-05-02',23,'2006-05-14',12),(307,11355,15107,'2006-05-03','2006-05-03',27,'2006-05-08',27),(308,11352,15108,'2006-05-04','2006-05-04',25,'2006-05-25',25),(309,11353,15109,'2006-05-05','2006-05-05',29,'2006-05-14',29),(310,11351,15110,'2006-05-06','2006-05-06',24,'2006-05-11',24),(311,11350,15085,'2006-05-07','2006-05-07',31,'2006-05-11',34),(312,11354,15101,'2006-05-08','2006-05-08',11,'2006-05-09',12),(313,11354,15101,'2006-05-09','2006-05-09',12,'2006-05-17',33),(314,11359,15085,'2006-05-10','2006-05-11',34,'2006-05-15',12),(315,11350,15089,'2006-05-11','2006-05-11',35,'2006-05-19',35),(316,11351,15104,'2006-05-12','2006-05-12',12,'2006-05-17',12),(317,11353,15082,'2006-05-13','2006-05-13',37,'2006-05-22',37),(318,11357,15106,'2006-05-14','2006-05-14',12,'2006-05-27',25),(319,11350,15083,'2006-05-15','2006-05-15',39,'2006-05-23',39),(320,11350,15124,'2006-05-16','2006-05-17',40,'2006-05-21',4),(321,11350,15121,'2006-05-17','2006-05-17',1,'2006-05-25',1),(322,11354,15122,'2006-05-18','2006-05-18',21,'2006-06-24',38),(323,11356,15123,'2006-05-19','2006-05-19',3,'2006-06-18',33),(324,11353,15124,'2006-05-20','2006-05-21',4,'2006-06-20',34),(325,11358,15125,'2006-05-21','2006-05-21',5,'2006-05-29',5),(326,11352,15126,'2006-05-22','2006-05-25',25,'2006-06-13',25),(327,11357,15127,'2006-05-23','2006-05-23',21,'2006-06-03',10),(328,11358,15128,'2006-05-24','2006-05-25',8,'2006-06-11',14),(329,11357,15129,'2006-05-25','2006-05-25',23,'2006-06-02',16),(330,11352,15130,'2006-05-26','2006-05-26',29,'2006-06-17',29),(331,11312,15106,'2006-05-27','2006-05-27',25,'2006-05-29',26),(332,11312,15106,'2006-05-28','2006-05-29',26,'2006-06-19',26),(333,11318,15119,'2006-05-29','2006-05-29',14,'2006-06-12',16),(334,11350,15128,'2006-05-30','2006-05-30',14,'2006-06-18',14),(335,11317,15119,'2006-05-31','2006-05-31',16,'2006-06-12',16),(336,11314,15129,'2006-06-01','2006-06-02',16,'2006-06-04',19),(337,11312,15127,'2006-06-02','2006-06-03',10,'2006-06-03',11),(338,11312,15127,'2006-06-03','2006-06-03',11,'2006-06-22',37),(339,11319,15129,'2006-06-04','2006-06-04',19,'2006-06-20',35),(340,11351,15140,'2006-06-05','2006-06-05',15,'2006-06-16',11),(342,11314,15142,'2006-06-07','2006-06-08',22,'2006-07-06',28),(343,11311,15143,'2006-06-08','2006-06-08',23,'2006-06-13',23),(344,11316,15144,'2006-06-09','2006-06-12',24,'2006-06-18',24),(345,11313,15145,'2006-06-10','2006-06-10',25,'2006-06-28',18),(346,11311,15146,'2006-06-11','2006-06-12',26,'2006-06-16',26),(347,11312,15147,'2006-06-12','2006-06-13',20,'2006-07-13',20),(348,11317,15148,'2006-06-13','2006-06-14',26,'2006-07-14',26),(349,11317,15149,'2006-06-14','2006-06-14',27,'2006-07-15',27),(350,11314,15150,'2006-06-15','2006-06-18',30,'2006-06-23',16),(351,11318,15140,'2006-06-16','2006-06-16',11,'2006-06-17',12),(352,11318,15140,'2006-06-17','2006-06-17',12,'2006-06-24',19),(353,11311,15123,'2006-06-18','2006-06-18',33,'2006-06-26',40),(354,11311,15124,'2006-06-19','2006-06-20',34,'2006-06-24',34),(355,11316,15129,'2006-06-20','2006-06-20',35,'2006-06-24',36),(356,11314,15129,'2006-06-21','2006-06-24',36,'2006-06-29',14),(357,11319,15127,'2006-06-22','2006-06-22',37,'2006-06-27',11),(358,11313,15122,'2006-06-23','2006-06-24',38,'2006-07-12',38),(359,11317,15140,'2006-06-24','2006-06-24',19,'2006-07-15',19),(360,11314,15123,'2006-06-25','2006-06-26',40,'2006-07-13',10),(361,11316,15165,'2006-06-26','2006-06-26',1,'2006-07-06',11),(362,11313,15166,'2006-06-27','2006-06-28',2,'2006-07-08',13),(363,11312,15145,'2006-06-28','2006-06-28',18,'2006-07-04',21),(364,11316,15168,'2006-06-29','2006-06-29',4,'2006-08-10',35),(365,11316,15169,'2006-06-30','2006-06-30',5,'2006-07-04',9),(366,11315,15145,'2006-07-01','2006-07-04',21,'2006-07-06',21),(367,11316,15161,'2006-07-02','2006-07-02',7,'2006-07-13',18),(368,11313,15162,'2006-07-03','2006-07-04',8,'2006-07-10',12),(369,11311,15169,'2006-07-04','2006-07-04',9,'2006-07-10',15),(370,11317,15142,'2006-07-05','2006-07-06',28,'2006-07-26',28),(371,11313,15165,'2006-07-06','2006-07-06',11,'2006-07-12',12),(372,11319,15162,'2006-07-07','2006-07-10',12,'2006-07-12',8),(373,11314,15166,'2006-07-08','2006-07-08',13,'2006-07-12',16),(374,11318,15167,'2006-07-09','2006-07-10',14,'2006-07-17',14),(375,11313,15169,'2006-07-10','2006-07-10',15,'2006-07-14',19),(376,11319,15166,'2006-07-11','2006-07-12',16,'2006-07-18',23),(377,11312,15165,'2006-07-12','2006-07-12',12,'2006-07-17',17),(378,11310,15161,'2006-07-13','2006-07-13',18,'2006-07-16',21),(379,11319,15169,'2006-07-14','2006-07-14',19,'2006-07-22',26),(380,11310,15163,'2006-07-15','2006-07-16',20,'2006-07-24',29),(381,11319,15161,'2006-07-16','2006-07-16',21,'2006-07-21',9),(382,11312,15165,'2006-07-17','2006-07-17',17,'2006-07-21',19),(383,11318,15166,'2006-07-18','2006-07-18',23,'2006-07-28',12),(384,11312,15165,'2006-07-19','2006-07-22',19,'2006-07-21',20),(385,11312,15165,'2006-07-20','2006-07-21',20,'2006-07-23',23),(386,11318,15169,'2006-07-21','2006-07-22',26,'2006-08-14',36),(387,11314,15160,'2006-07-22','2006-07-22',27,'2006-08-10',11),(388,11312,15165,'2006-07-23','2006-07-23',23,'2006-07-26',31),(389,11313,15163,'2006-07-24','2006-07-24',29,'2006-08-13',29),(390,11318,15166,'2006-07-25','2006-07-28',12,'2006-07-28',33),(391,11313,15165,'2006-07-26','2006-07-26',31,'2006-08-15',31),(392,11315,15181,'2006-07-27','2006-07-27',11,'2006-08-16',31),(393,11310,15166,'2006-07-28','2006-07-28',33,'2006-08-16',33),(395,11310,15168,'2006-07-30','2006-07-30',35,'2006-08-18',35),(396,11310,15169,'2006-07-31','2006-07-31',36,'2006-08-19',36),(397,11312,15186,'2006-08-01','2006-08-01',11,'2006-08-02',12),(398,11312,15186,'2006-08-02','2006-08-02',12,'2006-08-23',12),(399,11315,15184,'2006-08-03','2006-08-03',15,'2006-08-08',15),(400,11315,15209,'2006-08-04','2006-08-05',16,'2006-08-13',9),(401,11410,15201,'2006-08-05','2006-08-05',1,'2006-08-13',1),(402,11419,15202,'2006-08-06','2006-08-07',2,'2006-08-21',14),(403,11415,15203,'2006-08-07','2006-08-07',3,'2006-08-12',3),(404,11410,15204,'2006-08-08','2006-08-09',4,'2006-08-19',15),(405,11418,15205,'2006-08-09','2006-08-09',5,'2006-09-08',34),(406,11413,15206,'2006-08-10','2006-08-10',6,'2006-08-17',13),(407,11411,15207,'2006-08-11','2006-08-11',23,'2006-08-19',14),(408,11416,15208,'2006-08-12','2006-08-13',8,'2006-08-23',19),(409,11416,15209,'2006-08-13','2006-08-13',9,'2006-08-22',9),(410,11412,15210,'2006-08-14','2006-08-14',29,'2006-09-15',29),(411,11419,15200,'2006-08-15','2006-08-15',11,'2006-08-21',17),(412,11412,15181,'2006-08-16','2006-08-16',31,'2006-09-17',31),(413,11416,15206,'2006-08-17','2006-08-17',13,'2006-08-26',13),(414,11416,15207,'2006-08-18','2006-08-19',14,'2006-09-09',36),(415,11419,15204,'2006-08-19','2006-08-19',15,'2006-09-06',33),(416,11411,15202,'2006-08-20','2006-08-21',14,'2006-08-25',14),(417,11413,15200,'2006-08-21','2006-08-21',17,'2006-09-06',32),(418,11414,15199,'2006-08-22','2006-08-22',19,'2006-09-10',18),(419,11419,15208,'2006-08-23','2006-08-23',19,'2006-08-28',13),(420,11418,15220,'2006-08-24','2006-08-25',20,'2006-09-04',11),(421,11416,15221,'2006-08-25','2006-08-25',21,'2006-09-14',21),(422,11411,15222,'2006-08-26','2006-08-27',20,'2006-09-11',20),(423,11418,15223,'2006-08-27','2006-08-27',23,'2006-09-08',12),(424,11415,15224,'2006-08-28','2006-08-28',24,'2006-09-26',14),(425,11412,15225,'2006-08-29','2006-08-29',26,'2006-09-25',26),(426,11411,15226,'2006-08-30','2006-08-30',24,'2006-09-15',24),(427,11411,15227,'2006-08-31','2006-08-31',25,'2006-09-16',25),(428,11413,15228,'2006-09-01','2006-09-02',28,'2006-09-10',28),(429,11411,15229,'2006-09-02','2006-09-02',24,'2006-09-07',24),(430,11416,15230,'2006-09-03','2006-09-03',30,'2006-09-12',30),(431,11414,15220,'2006-09-04','2006-09-04',11,'2006-09-12',19),(432,11415,15200,'2006-09-05','2006-09-06',32,'2006-09-12',38),(433,11418,15204,'2006-09-06','2006-09-06',33,'2006-09-14',33),(434,11410,15205,'2006-09-07','2006-09-08',34,'2006-09-10',37),(435,11411,15223,'2006-09-08','2006-09-08',12,'2006-09-13',12),(436,11418,15207,'2006-09-09','2006-09-09',36,'2006-09-17',36),(437,11415,15205,'2006-09-10','2006-09-10',37,'2006-09-15',37),(438,11416,15200,'2006-09-11','2006-09-12',38,'2006-09-20',38),(439,11414,15220,'2006-09-12','2006-09-12',19,'2006-09-20',39),(440,11418,15241,'2006-09-13','2006-09-14',40,'2006-09-14',1),(441,11418,15241,'2006-09-14','2006-09-14',1,'2006-09-26',13),(442,11415,15242,'2006-09-15','2006-09-16',2,'2006-09-28',14),(443,11416,15243,'2006-09-16','2006-09-16',3,'2006-09-28',15),(444,11410,15244,'2006-09-17','2006-09-18',4,'2006-10-06',22),(445,11412,15245,'2006-09-18','2006-09-18',25,'2006-10-10',27),(446,11416,15246,'2006-09-19','2006-09-22',6,'2006-09-28',6),(447,11419,15247,'2006-09-20','2006-09-20',7,'2006-10-02',19),(448,11412,15248,'2006-09-21','2006-09-22',28,'2006-10-12',10),(449,11415,15249,'2006-09-22','2006-09-22',9,'2006-10-10',17),(450,11414,15250,'2006-09-23','2006-09-26',12,'2006-10-11',10),(451,11417,15225,'2006-09-24','2006-09-25',26,'2006-10-15',26),(452,11412,15224,'2006-09-25','2006-09-26',14,'2006-10-16',14),(453,11419,15241,'2006-09-26','2006-09-26',13,'2006-10-12',29),(454,11419,15242,'2006-09-27','2006-09-28',14,'2006-10-10',24),(455,11415,15243,'2006-09-28','2006-09-28',15,'2006-10-12',13),(456,11417,15243,'2006-09-29','2006-09-29',13,'2006-10-03',17),(457,11416,15249,'2006-09-30','2006-09-30',17,'2006-10-08',25),(458,11413,15240,'2006-10-01','2006-10-01',18,'2006-10-10',18),(459,11419,15247,'2006-10-02','2006-10-02',19,'2006-10-18',35),(460,11411,15243,'2006-10-03','2006-10-03',17,'2006-10-04',18),(461,11411,15243,'2006-10-04','2006-10-04',18,'2006-10-07',20),(462,11416,15244,'2006-10-05','2006-10-06',22,'2006-10-10',26),(463,11411,15243,'2006-10-06','2006-10-07',20,'2006-10-16',32),(464,11419,15242,'2006-10-07','2006-10-10',24,'2006-10-16',30),(465,11412,15249,'2006-10-08','2006-10-08',25,'2006-10-14',31),(466,11415,15244,'2006-10-09','2006-10-10',26,'2006-10-14',26),(467,11415,15245,'2006-10-10','2006-10-10',27,'2006-10-16',33),(468,11414,15248,'2006-10-11','2006-10-12',10,'2006-10-19',28),(469,11416,15241,'2006-10-12','2006-10-12',29,'2006-10-24',40),(470,11413,15242,'2006-10-13','2006-10-16',30,'2006-10-18',16),(471,11415,15249,'2006-10-14','2006-10-14',31,'2006-10-19',31),(472,11410,15243,'2006-10-15','2006-10-16',32,'2006-10-23',32),(473,11413,15245,'2006-10-16','2006-10-16',33,'2006-10-20',37),(474,11414,15242,'2006-10-17','2006-10-18',16,'2006-10-25',34),(475,11413,15247,'2006-10-18','2006-10-18',35,'2006-10-22',36),(476,11418,15247,'2006-10-19','2006-10-22',36,'2006-10-27',36),(477,11415,15245,'2006-10-20','2006-10-20',37,'2006-10-25',37),(478,11411,15261,'2006-10-21','2006-10-21',17,'2006-10-22',18),(479,11411,15261,'2006-10-22','2006-10-22',18,'2006-10-28',24),(480,11410,15241,'2006-10-23','2006-10-24',40,'2006-11-11',40),(481,11410,15280,'2006-10-24','2006-10-24',1,'2006-10-26',3),(482,11417,15263,'2006-10-25','2006-10-28',19,'2006-10-27',21),(483,11410,15280,'2006-10-26','2006-10-26',3,'2006-11-10',7),(484,11417,15263,'2006-10-27','2006-10-27',21,'2006-11-08',16),(485,11411,15261,'2006-10-28','2006-10-28',24,'2006-11-12',25),(486,11411,15261,'2006-10-29','2006-10-29',25,'2006-11-03',30),(487,11418,15280,'2006-10-30','2006-10-30',7,'2006-11-12',8),(488,11415,15280,'2006-10-31','2006-10-31',8,'2006-11-03',10),(489,11411,15264,'2006-11-01','2006-11-01',25,'2006-11-06',25),(490,11418,15280,'2006-11-02','2006-11-03',10,'2006-11-05',13),(491,11412,15261,'2006-11-03','2006-11-03',30,'2006-11-07',31),(492,11412,15261,'2006-11-04','2006-11-07',31,'2006-11-25',31),(493,11415,15280,'2006-11-05','2006-11-05',13,'2006-11-09',16),(494,11459,15282,'2006-11-06','2006-11-09',12,'2006-11-11',18),(495,11412,15263,'2006-11-07','2006-11-08',16,'2006-11-28',16),(496,11413,15280,'2006-11-08','2006-11-09',16,'2006-11-29',36),(497,11417,15284,'2006-11-09','2006-11-09',13,'2006-12-10',13),(498,11414,15260,'2006-11-10','2006-11-10',19,'2006-11-18',18),(499,11414,15259,'2006-11-11','2006-11-12',20,'2006-11-19',19),(500,11412,15300,'2006-11-12','2006-11-15',21,'2006-12-10',18),(501,11559,15301,'2006-11-13','2006-11-13',21,'2006-11-18',14),(502,11552,15302,'2006-11-14','2006-11-14',18,'2006-12-15',18),(503,11559,15303,'2006-11-15','2006-11-15',23,'2006-11-20',8),(504,11554,15304,'2006-11-16','2006-11-19',24,'2006-11-24',13),(505,11557,15305,'2006-11-17','2006-11-18',26,'2006-12-18',26),(506,11556,15306,'2006-11-18','2006-11-19',26,'2006-11-27',26),(507,11554,15307,'2006-11-19','2006-11-19',27,'2006-11-27',16),(508,11550,15308,'2006-11-20','2006-11-21',28,'2006-11-28',28),(509,11550,15309,'2006-11-21','2006-11-21',29,'2006-11-29',29),(510,11554,15310,'2006-11-22','2006-11-25',30,'2006-12-10',11),(511,11557,15297,'2006-11-23','2006-11-24',14,'2006-11-26',15),(512,11557,15297,'2006-11-24','2006-11-27',15,'2006-11-26',16),(513,11557,15297,'2006-11-25','2006-11-26',16,'2006-11-26',17),(514,11558,15297,'2006-11-26','2006-11-26',17,'2006-11-27',18),(515,11558,15297,'2006-11-27','2006-11-27',18,'2006-12-15',18),(516,11556,15280,'2006-11-28','2006-11-28',36,'2006-11-29',37),(517,11550,15280,'2006-11-29','2006-11-29',37,'2006-12-01',39),(518,11535,15300,'2006-11-30','2006-11-30',18,'2006-12-15',18),(519,11550,15280,'2006-12-01','2006-12-01',39,'2006-12-09',39),(520,11551,15327,'2006-12-02','2006-12-03',40,'2006-12-09',7),(521,11551,15321,'2006-12-03','2006-12-03',1,'2007-01-08',18),(522,11535,15322,'2006-12-04','2006-12-05',20,'2006-12-13',11),(523,11558,15323,'2006-12-05','2006-12-05',24,'2006-12-19',16),(524,11556,15324,'2006-12-06','2006-12-07',4,'2006-12-15',13),(525,11553,15325,'2006-12-07','2006-12-07',5,'2006-12-17',15),(526,11559,15326,'2006-12-08','2006-12-08',6,'2007-01-12',40),(527,11554,15327,'2006-12-09','2006-12-09',7,'2007-01-02',31),(528,11553,15328,'2006-12-10','2006-12-11',8,'2006-12-20',18),(529,11554,15329,'2006-12-11','2006-12-11',9,'2006-12-21',19),(530,11553,15330,'2006-12-12','2006-12-13',10,'2006-12-21',10),(531,11553,15322,'2006-12-13','2006-12-13',11,'2006-12-22',11),(532,11558,15317,'2006-12-14','2006-12-14',15,'2006-12-16',17),(533,11553,15324,'2006-12-15','2006-12-15',13,'2006-12-19',17),(534,11557,15317,'2006-12-16','2006-12-16',17,'2007-01-17',17),(535,11518,15324,'2006-12-17','2006-12-17',15,'2006-12-25',15),(536,11551,15323,'2006-12-18','2006-12-19',16,'2007-01-06',34),(537,11551,15324,'2006-12-19','2006-12-19',17,'2007-01-06',35),(538,11550,15328,'2006-12-20','2006-12-20',18,'2007-01-10',39),(539,11550,15329,'2006-12-21','2006-12-21',19,'2006-12-29',19),(540,11535,15340,'2006-12-22','2006-12-23',20,'2007-01-08',16),(541,11551,15341,'2006-12-23','2006-12-23',21,'2006-12-28',21),(542,11513,15342,'2006-12-24','2006-12-25',26,'2007-01-13',26),(543,11514,15343,'2006-12-25','2006-12-25',23,'2007-01-05',9),(544,11518,15344,'2006-12-26','2006-12-26',24,'2007-01-14',24),(545,11519,15345,'2006-12-27','2006-12-27',25,'2007-01-12',11),(546,11517,15346,'2006-12-28','2006-12-28',29,'2007-01-19',11),(547,11519,15347,'2006-12-29','2006-12-29',9,'2007-01-14',13),(548,11551,15348,'2006-12-30','2006-12-30',28,'2007-01-15',28),(549,11550,15349,'2006-12-31','2006-12-31',29,'2007-01-19',29),(550,11550,15350,'2007-01-01','2007-01-01',30,'2007-01-09',30),(551,11515,15327,'2007-01-02','2007-01-02',31,'2007-01-07',31),(552,11519,15343,'2007-01-03','2007-01-06',9,'2007-01-05',10),(553,11519,15343,'2007-01-04','2007-01-05',10,'2007-01-18',21),(554,11518,15323,'2007-01-05','2007-01-06',34,'2007-01-13',34),(556,11512,15340,'2007-01-07','2007-01-08',16,'2007-01-18',26),(557,11513,15321,'2007-01-08','2007-01-08',18,'2007-01-17',18),(558,11511,15324,'2007-01-09','2007-01-10',38,'2007-01-14',38),(559,11518,15328,'2007-01-10','2007-01-10',39,'2007-01-18',39),(560,11511,15326,'2007-01-11','2007-01-12',40,'2007-01-16',40),(561,11515,15367,'2007-01-12','2007-01-12',1,'2007-02-03',22),(562,11516,15316,'2007-01-13','2007-01-13',23,'2007-01-22',23),(563,11511,15369,'2007-01-14','2007-01-14',3,'2007-01-24',13),(564,11519,15343,'2007-01-15','2007-01-18',21,'2007-01-20',11),(565,11511,15361,'2007-01-16','2007-01-16',5,'2007-01-23',10),(566,11517,15340,'2007-01-17','2007-01-18',26,'2007-01-18',27),(567,11512,15340,'2007-01-18','2007-01-18',27,'2007-01-20',29),(568,11516,15346,'2007-01-19','2007-01-19',11,'2007-01-28',11),(569,11512,15340,'2007-01-20','2007-01-20',29,'2007-02-10',18),(570,11515,15366,'2007-01-21','2007-01-22',10,'2007-02-13',12),(571,11519,15361,'2007-01-22','2007-01-23',10,'2007-01-26',12),(572,11514,15361,'2007-01-23','2007-01-26',12,'2007-01-27',14),(573,11515,15369,'2007-01-24','2007-01-24',13,'2007-02-12',20),(574,11514,15363,'2007-01-25','2007-01-26',14,'2007-01-28',17),(575,11519,15361,'2007-01-26','2007-01-27',14,'2007-02-02',20),(576,11512,15340,'2007-01-27','2007-01-27',18,'2007-02-18',18),(577,11515,15363,'2007-01-28','2007-01-28',17,'2007-02-19',38),(578,11515,15364,'2007-01-29','2007-01-29',18,'2007-02-05',25),(579,11518,15368,'2007-01-30','2007-01-30',19,'2007-02-09',10),(580,11514,15369,'2007-01-31','2007-01-31',20,'2007-02-07',9),(581,11517,15361,'2007-02-01','2007-02-02',20,'2007-02-04',22),(582,11511,15367,'2007-02-02','2007-02-03',22,'2007-02-07',22),(583,11517,15361,'2007-02-03','2007-02-04',22,'2007-02-04',23),(584,11510,15361,'2007-02-04','2007-02-04',23,'2007-02-06',25),(585,11513,15364,'2007-02-05','2007-02-05',25,'2007-02-14',25),(586,11512,15361,'2007-02-06','2007-02-06',25,'2007-02-10',28),(587,11513,15369,'2007-02-07','2007-02-07',9,'2007-02-11',31),(588,11516,15368,'2007-02-08','2007-02-09',10,'2007-02-17',10),(589,11512,15361,'2007-02-09','2007-02-10',28,'2007-02-12',31),(590,11513,15366,'2007-02-10','2007-02-13',12,'2007-02-19',12),(591,11514,15369,'2007-02-11','2007-02-11',31,'2007-02-15',34),(592,11517,15361,'2007-02-12','2007-02-12',31,'2007-02-13',33),(593,11518,15361,'2007-02-13','2007-02-13',33,'2007-02-21',33),(594,11515,15369,'2007-02-14','2007-02-15',34,'2007-02-19',34),(595,11511,15360,'2007-02-15','2007-02-15',35,'2007-02-20',35),(596,11512,15362,'2007-02-16','2007-02-16',17,'2007-03-17',17),(597,11514,15365,'2007-02-17','2007-02-17',37,'2007-02-25',37),(598,11511,15363,'2007-02-18','2007-02-19',38,'2007-02-23',38),(599,11513,15357,'2007-02-19','2007-02-19',21,'2007-02-28',21),(600,11514,15400,'2007-02-20','2007-02-21',40,'2007-02-28',40);
/*!40000 ALTER TABLE `orders` ENABLE KEYS */;
UNLOCK TABLES;

--
-- Table structure for table `stores`
--

DROP TABLE IF EXISTS `stores`;
/*!40101 SET @saved_cs_client     = @@character_set_client */;
/*!40101 SET character_set_client = utf8 */;
CREATE TABLE `stores` (
  `Order_PickupStore` int(11) NOT NULL,
  `Pickup_Store_Name` varchar(255) DEFAULT NULL,
  `Pickup_Store_Address` varchar(255) DEFAULT NULL,
  `Pickup_Store_Phone` varchar(255) DEFAULT NULL,
  `Pickup_Store_City` char(255) DEFAULT NULL,
  `Pickup_Store_State_Name` char(16) DEFAULT NULL,
  PRIMARY KEY (`Order_PickupStore`)
) ENGINE=InnoDB DEFAULT CHARSET=latin1;
/*!40101 SET character_set_client = @saved_cs_client */;

--
-- Dumping data for table `stores`
--

LOCK TABLES `stores` WRITE;
/*!40000 ALTER TABLE `stores` DISABLE KEYS */;
INSERT INTO `stores` VALUES (1,'Alexandria_stroe','3761 N. 14th St','1 (11) 543 535-0162','Alexandria','New South Wales'),(2,'Coffs Harbour_store','2243 W St.','1 (11) 543 535-0110','Coffs Harbour','New South Wales'),(3,'Darlinghurst_store','5844 Linden Land','1 (11) 543 535-0184','Darlinghurst','New South Wales'),(4,'Goulburn_store','1825 Village Pl.','1 (11) 543 535-0162','Goulburn','New South Wales'),(5,'Lane Cove_store','7553 Harness Circle','1 (11) 543 535-0131','Lane Cove','New South Wales'),(6,'Lavender Bay_store','7305 Humphrey Drive','1 (11) 543 535-0151','Lavender Bay','New South Wales'),(7,'Malabar_store','2612 Berry Dr','1 (11) 543 535-0184','Malabar','New South Wales'),(8,'Matraville_store','942 Brook Street','1 (11) 543 535-0126','Matraville','New South Wales'),(9,'Milsons Point_store','624 Peabody Road','1 (11) 543 535-0164','Milsons Point','New South Wales'),(10,'Newcastle_store','3839 Northgate Road','1 (11) 543 535-0110','Newcastle','New South Wales'),(11,'North Ryde_store','7800 Corrinne Court','1 (11) 543 535-0169','North Ryde','New South Wales'),(12,'North Sydney_store','1224 Shoenic','1 (11) 543 535-0117','North Sydney','New South Wales'),(13,'Port Macquarie_store','4785 Scott Street','717-535-0164','Port Macquarie','New South Wales'),(14,'Rhodes_store','7902 Hudson Ave.','817-535-0185','Rhodes','New South Wales'),(15,'Silverwater_store','9011 Tank Drive','431-535-0156','Silverwater','New South Wales'),(16,'Springwood_store','244 Willow Pass Road','208-535-0142','Springwood','New South Wales'),(17,'St. Leonards_store','9666 Northridge Ct.','135-535-0171','St. Leonards','New South Wales'),(18,'Sydney_store','7330 Saddlehill Lane','1 (11) 543 535-0195','Sydney','New South Wales'),(19,'Wollongong_store','244 Rivewview','1 (11) 543 535-0137','Wollongong','New South Wales'),(20,'Brisbane_store','7832 Landing Dr','262-535-0112','Brisbane','Queensland'),(21,'Caloundra_store','7156 Rose Dr.','550-535-0163','Caloundra','Queensland'),(22,'East Brisbane_store','8148 W. Lake Dr.','622-535-0158','East Brisbane','Queensland'),(23,'Gold Coast_store','1769 Nicholas Drive','589-535-0185','Gold Coast','Queensland'),(24,'Hawthorne_store','4499 Valley Crest','452-535-0188','Hawthorne','Queensland'),(25,'Hervey Bay_store','8734 Oxford Place','746-535-0186','Hervey Bay','Queensland'),(26,'Rockhampton_store','2596 Franklin Canyon Road','1 (11) 543 535-0178','Rockhampton','Queensland'),(27,'Townsville_store','8211 Leeds Ct.','1 (11) 543 535-0131','Townsville','Queensland'),(28,'Cloverdale_store','213 Valencia Place','1 (11) 543 535-0184','Cloverdale','South Australia'),(29,'Findon_store','9111 Rose Ann Ave','1 (11) 543 535-0116','Findon','South Australia'),(30,'Perth_store','6385 Mark Twain','1 (11) 543 535-0146','Perth','South Australia'),(31,'Hobart_store','636 Vine Hill Way','1 (11) 543 535-0182','Hobart','Tasmania'),(32,'Bendigo_store','6465 Detroit Ave.','1 (11) 543 535-0195','Bendigo','Victoria'),(33,'Cranbourne_store','626 Bentley Street','1 (11) 543 535-0169','Cranbourne','Victoria'),(34,'Geelong_store','5927 Rainbow Dr','1 (11) 543 535-0137','Geelong','Victoria'),(35,'Melbourne_store','5167 Condor Place','1 (11) 543 535-0136','Melbourne','Victoria'),(36,'Melton_store','1873 Mt. Whitney Dr','1 (11) 543 535-0177','Melton','Victoria'),(37,'Seaford_store','3981 Augustine Drive','115-535-0183','Seaford','Victoria'),(38,'South Melbourne_store','8915 Woodside Way','229-535-0112','South Melbourne','Victoria'),(39,'Sunbury_store','8357 Sandy Cove Lane','1 (11) 543 535-0114','Sunbury','Victoria'),(40,'Warrnambool_store','9353 Creekside Dr.','1 (11) 543 535-0183','Warrnambool','Victoria');
/*!40000 ALTER TABLE `stores` ENABLE KEYS */;
UNLOCK TABLES;
/*!40103 SET TIME_ZONE=@OLD_TIME_ZONE */;

/*!40101 SET SQL_MODE=@OLD_SQL_MODE */;
/*!40014 SET FOREIGN_KEY_CHECKS=@OLD_FOREIGN_KEY_CHECKS */;
/*!40014 SET UNIQUE_CHECKS=@OLD_UNIQUE_CHECKS */;
/*!40101 SET CHARACTER_SET_CLIENT=@OLD_CHARACTER_SET_CLIENT */;
/*!40101 SET CHARACTER_SET_RESULTS=@OLD_CHARACTER_SET_RESULTS */;
/*!40101 SET COLLATION_CONNECTION=@OLD_COLLATION_CONNECTION */;
/*!40111 SET SQL_NOTES=@OLD_SQL_NOTES */;

-- Dump completed on 2018-10-23 21:40:50
